<?xml version="1.0" encoding="UTF-8"?><publish:elements xmlns:publish="http://www.ibm.com/Rational/XTools/Publish" xmlns:xmi="http://www.omg.org/XMI" xmlns:xsi="http://www.w3.org/2001/XMLSchema-instance"><publish:element name="Controlar Consumo Produto" publish:icon="_36D4874602584825AB6703C8_icon.jpeg" publish:qualifiedname="Hotel_Reserva_Hospedagem_Grupo_2::Use Case View::Use-Case Model::Use Cases::Controlar Consumo Produto::Controlar Consumo Produto" xmi:id="_36D4874602584825AB6703C8" xsi:type="uml:UseCase"/><publish:element publish:icon="_36D4874602584825AD140251_icon.jpeg" publish:qualifiedname="Hotel_Reserva_Hospedagem_Grupo_2::Use Case View::Use-Case Model::Use Cases::Controlar Consumo Produto::Controlar Consumo Produto::&lt;Extend&gt;" xmi:id="_36D4874602584825AD140251" xsi:type="uml:Extend"/><publish:element name="EfetuarReserva" publish:icon="_36D4874602584800F0BC032C_icon.jpeg" publish:qualifiedname="Hotel_Reserva_Hospedagem_Grupo_2::Use Case View::Business Use-Case Model::Efetuar Reserva::EfetuarReserva" xmi:id="_36D4874602584800F0BC032C" xsi:type="uml:UseCase"/><publish:element publish:icon="_36D4874602584800F1C60242_icon.jpeg" publish:qualifiedname="Hotel_Reserva_Hospedagem_Grupo_2::Use Case View::Business Use-Case Model::Efetuar Reserva::&lt;Association&gt;" xmi:id="_36D4874602584800F1C60242" xsi:type="uml:Association"/><publish:element name="State/Activity Model2" publish:icon="_36D4874602584800F25F003E_icon.jpeg" publish:qualifiedname="Hotel_Reserva_Hospedagem_Grupo_2::Use Case View::Business Use-Case Model::Efetuar Reserva::State/Activity Model2" xmi:id="_36D4874602584800F25F003E" xsi:type="uml:Activity"/><publish:element publish:icon="_36D4874602584800F44500CB_icon.jpeg" publish:qualifiedname="Hotel_Reserva_Hospedagem_Grupo_2::Use Case View::Business Use-Case Model::Efetuar Reserva::State/Activity Model2::&lt;DecisionNode&gt;" xmi:id="_36D4874602584800F44500CB" xsi:type="uml:DecisionNode"/><publish:element publish:icon="_36D487460258480105D203C9_icon.jpeg" publish:qualifiedname="Hotel_Reserva_Hospedagem_Grupo_2::Use Case View::Business Use-Case Model::Efetuar Reserva::State/Activity Model2::&lt;DecisionNode&gt;" xmi:id="_36D487460258480105D203C9" xsi:type="uml:DecisionNode"/><publish:element publish:icon="_36D487460258480108780000_icon.jpeg" publish:qualifiedname="Hotel_Reserva_Hospedagem_Grupo_2::Use Case View::Business Use-Case Model::Efetuar Reserva::State/Activity Model2::&lt;MergeNode&gt;" xmi:id="_36D487460258480108780000" xsi:type="uml:MergeNode"/><publish:element publish:icon="_36D4874602584800F447036B_icon.jpeg" publish:qualifiedname="Hotel_Reserva_Hospedagem_Grupo_2::Use Case View::Business Use-Case Model::Efetuar Reserva::State/Activity Model2::&lt;InitialNode&gt;" xmi:id="_36D4874602584800F447036B" xsi:type="uml:InitialNode"/><publish:element publish:icon="_36D4874602584800F44A010A_icon.jpeg" publish:qualifiedname="Hotel_Reserva_Hospedagem_Grupo_2::Use Case View::Business Use-Case Model::Efetuar Reserva::State/Activity Model2::&lt;ActivityFinalNode&gt;" xmi:id="_36D4874602584800F44A010A" xsi:type="uml:ActivityFinalNode"/><publish:element publish:icon="_36D4874602584800F44B032C_icon.jpeg" publish:qualifiedname="Hotel_Reserva_Hospedagem_Grupo_2::Use Case View::Business Use-Case Model::Efetuar Reserva::State/Activity Model2::&lt;ActivityFinalNode&gt;" xmi:id="_36D4874602584800F44B032C" xsi:type="uml:ActivityFinalNode"/><publish:element publish:icon="_36D4874602584801083A0167_icon.jpeg" publish:qualifiedname="Hotel_Reserva_Hospedagem_Grupo_2::Use Case View::Business Use-Case Model::Efetuar Reserva::State/Activity Model2::&lt;ControlFlow&gt;" xmi:id="_36D4874602584801083A0167" xsi:type="uml:ControlFlow"/><publish:element publish:icon="_36D4874602584800F4570223_icon.jpeg" publish:qualifiedname="Hotel_Reserva_Hospedagem_Grupo_2::Use Case View::Business Use-Case Model::Efetuar Reserva::State/Activity Model2::&lt;ControlFlow&gt;" xmi:id="_36D4874602584800F4570223" xsi:type="uml:ControlFlow"/><publish:element publish:icon="_36D4874602584800F45E01C5_icon.jpeg" publish:qualifiedname="Hotel_Reserva_Hospedagem_Grupo_2::Use Case View::Business Use-Case Model::Efetuar Reserva::State/Activity Model2::&lt;ControlFlow&gt;" xmi:id="_36D4874602584800F45E01C5" xsi:type="uml:ControlFlow"/><publish:element publish:icon="_36D4874602584800F45C003E_icon.jpeg" publish:qualifiedname="Hotel_Reserva_Hospedagem_Grupo_2::Use Case View::Business Use-Case Model::Efetuar Reserva::State/Activity Model2::&lt;ControlFlow&gt;" xmi:id="_36D4874602584800F45C003E" xsi:type="uml:ControlFlow"/><publish:element publish:icon="_36D487460258480105D901E4_icon.jpeg" publish:qualifiedname="Hotel_Reserva_Hospedagem_Grupo_2::Use Case View::Business Use-Case Model::Efetuar Reserva::State/Activity Model2::&lt;ControlFlow&gt;" xmi:id="_36D487460258480105D901E4" xsi:type="uml:ControlFlow"/><publish:element publish:icon="_36D487460258480108870232_icon.jpeg" publish:qualifiedname="Hotel_Reserva_Hospedagem_Grupo_2::Use Case View::Business Use-Case Model::Efetuar Reserva::State/Activity Model2::&lt;ControlFlow&gt;" xmi:id="_36D487460258480108870232" xsi:type="uml:ControlFlow"/><publish:element publish:icon="_36D4874602584800F4600252_icon.jpeg" publish:qualifiedname="Hotel_Reserva_Hospedagem_Grupo_2::Use Case View::Business Use-Case Model::Efetuar Reserva::State/Activity Model2::&lt;ControlFlow&gt;" xmi:id="_36D4874602584800F4600252" xsi:type="uml:ControlFlow"/><publish:element publish:icon="_36D4874602584801088D010A_icon.jpeg" publish:qualifiedname="Hotel_Reserva_Hospedagem_Grupo_2::Use Case View::Business Use-Case Model::Efetuar Reserva::State/Activity Model2::&lt;ControlFlow&gt;" xmi:id="_36D4874602584801088D010A" xsi:type="uml:ControlFlow"/><publish:element publish:icon="_36D487460258480108900138_icon.jpeg" publish:qualifiedname="Hotel_Reserva_Hospedagem_Grupo_2::Use Case View::Business Use-Case Model::Efetuar Reserva::State/Activity Model2::&lt;ControlFlow&gt;" xmi:id="_36D487460258480108900138" xsi:type="uml:ControlFlow"/><publish:element publish:icon="_36D4874602584800F459034C_icon.jpeg" publish:qualifiedname="Hotel_Reserva_Hospedagem_Grupo_2::Use Case View::Business Use-Case Model::Efetuar Reserva::State/Activity Model2::&lt;ControlFlow&gt;" xmi:id="_36D4874602584800F459034C" xsi:type="uml:ControlFlow"/><publish:element name="Endereco" publish:icon="_rzfqsE1REd2qWd3987H-eg_icon.jpeg" publish:qualifiedname="Hotel_Reserva_Hospedagem_Grupo_2::Diagramas de classes::Class Diagram - Reserva::Endereco" xmi:id="_rzfqsE1REd2qWd3987H-eg" xsi:type="uml:Class"/><publish:element name="Cidade" publish:icon="_4RdAME1REd2qWd3987H-eg_icon.jpeg" publish:qualifiedname="Hotel_Reserva_Hospedagem_Grupo_2::Diagramas de classes::Class Diagram - Reserva::Cidade" xmi:id="_4RdAME1REd2qWd3987H-eg" xsi:type="uml:Class"/><publish:element publish:icon="_9Sa_sE1REd2qWd3987H-eg_icon.jpeg" publish:qualifiedname="Hotel_Reserva_Hospedagem_Grupo_2::Diagramas de classes::Class Diagram - Reserva::&lt;Association&gt;" xmi:id="_9Sa_sE1REd2qWd3987H-eg" xsi:type="uml:Association"/><publish:element name="Estado" publish:icon="__dS70E1REd2qWd3987H-eg_icon.jpeg" publish:qualifiedname="Hotel_Reserva_Hospedagem_Grupo_2::Diagramas de classes::Class Diagram - Reserva::Estado" xmi:id="__dS70E1REd2qWd3987H-eg" xsi:type="uml:Class"/><publish:element name="Pais" publish:icon="_B_H_YE1SEd2qWd3987H-eg_icon.jpeg" publish:qualifiedname="Hotel_Reserva_Hospedagem_Grupo_2::Diagramas de classes::Class Diagram - Reserva::Pais" xmi:id="_B_H_YE1SEd2qWd3987H-eg" xsi:type="uml:Class"/><publish:element publish:icon="_FLt3ME1SEd2qWd3987H-eg_icon.jpeg" publish:qualifiedname="Hotel_Reserva_Hospedagem_Grupo_2::Diagramas de classes::Class Diagram - Reserva::&lt;Association&gt;" xmi:id="_FLt3ME1SEd2qWd3987H-eg" xsi:type="uml:Association"/><publish:element publish:icon="_HW5VUE1SEd2qWd3987H-eg_icon.jpeg" publish:qualifiedname="Hotel_Reserva_Hospedagem_Grupo_2::Diagramas de classes::Class Diagram - Reserva::&lt;Association&gt;" xmi:id="_HW5VUE1SEd2qWd3987H-eg" xsi:type="uml:Association"/><publish:element publish:icon="_Y8hvQE1SEd2qWd3987H-eg_icon.jpeg" publish:qualifiedname="Hotel_Reserva_Hospedagem_Grupo_2::Diagramas de classes::Class Diagram - Reserva::&lt;Association&gt;" xmi:id="_Y8hvQE1SEd2qWd3987H-eg" xsi:type="uml:Association"/><publish:element publish:icon="_gyZfUE1SEd2qWd3987H-eg_icon.jpeg" publish:qualifiedname="Hotel_Reserva_Hospedagem_Grupo_2::Diagramas de classes::Class Diagram - Reserva::&lt;Association&gt;" xmi:id="_gyZfUE1SEd2qWd3987H-eg" xsi:type="uml:Association"/><publish:element publish:icon="_mHfUsE1SEd2qWd3987H-eg_icon.jpeg" publish:qualifiedname="Hotel_Reserva_Hospedagem_Grupo_2::Diagramas de classes::Class Diagram - Reserva::&lt;Association&gt;" xmi:id="_mHfUsE1SEd2qWd3987H-eg" xsi:type="uml:Association"/><publish:element publish:icon="_2Pi9YE1SEd2qWd3987H-eg_icon.jpeg" publish:qualifiedname="Hotel_Reserva_Hospedagem_Grupo_2::Diagramas de classes::Class Diagram - Reserva::&lt;Association&gt;" xmi:id="_2Pi9YE1SEd2qWd3987H-eg" xsi:type="uml:Association"/><publish:element publish:icon="_HUivcE1TEd2qWd3987H-eg_icon.jpeg" publish:qualifiedname="Hotel_Reserva_Hospedagem_Grupo_2::Diagramas de classes::Class Diagram - Reserva::&lt;Association&gt;" xmi:id="_HUivcE1TEd2qWd3987H-eg" xsi:type="uml:Association"/><publish:element publish:icon="_M1P-8E1TEd2qWd3987H-eg_icon.jpeg" publish:qualifiedname="Hotel_Reserva_Hospedagem_Grupo_2::Diagramas de classes::Class Diagram - Reserva::&lt;Association&gt;" xmi:id="_M1P-8E1TEd2qWd3987H-eg" xsi:type="uml:Association"/><publish:element name="Categoria" publish:icon="_yzVfwE1TEd2qWd3987H-eg_icon.jpeg" publish:qualifiedname="Hotel_Reserva_Hospedagem_Grupo_2::Diagramas de classes::Class Diagram - Reserva::Categoria" xmi:id="_yzVfwE1TEd2qWd3987H-eg" xsi:type="uml:Class"/><publish:element name="Servico" publish:icon="_tQ5gAE1VEd2qWd3987H-eg_icon.jpeg" publish:qualifiedname="Hotel_Reserva_Hospedagem_Grupo_2::Diagramas de classes::Class Diagram - Reserva::Servico" xmi:id="_tQ5gAE1VEd2qWd3987H-eg" xsi:type="uml:Class"/><publish:element name="ServicoPrestado" publish:icon="_6S6k0E1VEd2qWd3987H-eg_icon.jpeg" publish:qualifiedname="Hotel_Reserva_Hospedagem_Grupo_2::Diagramas de classes::Class Diagram - Reserva::ServicoPrestado" xmi:id="_6S6k0E1VEd2qWd3987H-eg" xsi:type="uml:Class"/><publish:element publish:icon="_AmSnYE1WEd2qWd3987H-eg_icon.jpeg" publish:qualifiedname="Hotel_Reserva_Hospedagem_Grupo_2::Diagramas de classes::Class Diagram - Reserva::&lt;Association&gt;" xmi:id="_AmSnYE1WEd2qWd3987H-eg" xsi:type="uml:Association"/><publish:element name="Controlar Consumo" publish:icon="_36D4874602584825ACE702CE_icon.jpeg" publish:qualifiedname="Hotel_Reserva_Hospedagem_Grupo_2::Use Case View::Use-Case Model::Use Cases::Controlar Consumo::Controlar Consumo" xmi:id="_36D4874602584825ACE702CE" xsi:type="uml:UseCase"/><publish:element publish:icon="_36D4874602584825AD5D02BF_icon.jpeg" publish:qualifiedname="Hotel_Reserva_Hospedagem_Grupo_2::Use Case View::Use-Case Model::Use Cases::Controlar Consumo::&lt;Association&gt;" xmi:id="_36D4874602584825AD5D02BF" xsi:type="uml:Association"/><publish:element name="Efetuar Reserva" publish:icon="_36D487460258481362D2005D_icon.jpeg" publish:qualifiedname="Hotel_Reserva_Hospedagem_Grupo_2::Use Case View::Use-Case Model::Use Cases::Efetuar Reserva::Efetuar Reserva" xmi:id="_36D487460258481362D2005D" xsi:type="uml:UseCase"/><publish:element publish:icon="_36D487460258481362F90232_icon.jpeg" publish:qualifiedname="Hotel_Reserva_Hospedagem_Grupo_2::Use Case View::Use-Case Model::Use Cases::Efetuar Reserva::&lt;Association&gt;" xmi:id="_36D487460258481362F90232" xsi:type="uml:Association"/><publish:element name="Controlar Consumo Servico" publish:icon="_36D4874602584825AB7501F4_icon.jpeg" publish:qualifiedname="Hotel_Reserva_Hospedagem_Grupo_2::Use Case View::Use-Case Model::Use Cases::Controlar Consumo Servico::Controlar Consumo Servico" xmi:id="_36D4874602584825AB7501F4" xsi:type="uml:UseCase"/><publish:element publish:icon="_36D4874602584825AD170177_icon.jpeg" publish:qualifiedname="Hotel_Reserva_Hospedagem_Grupo_2::Use Case View::Use-Case Model::Use Cases::Controlar Consumo Servico::Controlar Consumo Servico::&lt;Extend&gt;" xmi:id="_36D4874602584825AD170177" xsi:type="uml:Extend"/><publish:element name="Efetuar CheckIn" publish:icon="_36D4874602584813635A004E_icon.jpeg" publish:qualifiedname="Hotel_Reserva_Hospedagem_Grupo_2::Use Case View::Use-Case Model::Use Cases::Efetuar CheckIn::Efetuar CheckIn" xmi:id="_36D4874602584813635A004E" xsi:type="uml:UseCase"/><publish:element publish:icon="_36D4874602584813639300AB_icon.jpeg" publish:qualifiedname="Hotel_Reserva_Hospedagem_Grupo_2::Use Case View::Use-Case Model::Use Cases::Efetuar CheckIn::&lt;Association&gt;" xmi:id="_36D4874602584813639300AB" xsi:type="uml:Association"/><publish:element publish:icon="_36D4874602584813662A0232_icon.jpeg" publish:qualifiedname="Hotel_Reserva_Hospedagem_Grupo_2::Use Case View::Use-Case Model::Use Cases::Efetuar CheckIn::&lt;Association&gt;" xmi:id="_36D4874602584813662A0232" xsi:type="uml:Association"/><publish:element name="Controlar Produtos" publish:icon="_36D4874602584825983102BF_icon.jpeg" publish:qualifiedname="Hotel_Reserva_Hospedagem_Grupo_2::Use Case View::Use-Case Model::Use Cases::Controlar Produtos::Controlar Produtos" xmi:id="_36D4874602584825983102BF" xsi:type="uml:UseCase"/><publish:element publish:icon="_36D4874602584825AD88004E_icon.jpeg" publish:qualifiedname="Hotel_Reserva_Hospedagem_Grupo_2::Use Case View::Use-Case Model::Use Cases::Controlar Produtos::&lt;Association&gt;" xmi:id="_36D4874602584825AD88004E" xsi:type="uml:Association"/><publish:element name="Efetuar CheckOut" publish:icon="_36D4874602584813677A00DA_icon.jpeg" publish:qualifiedname="Hotel_Reserva_Hospedagem_Grupo_2::Use Case View::Use-Case Model::Use Cases::Efetuar CheckOut::Efetuar CheckOut" xmi:id="_36D4874602584813677A00DA" xsi:type="uml:UseCase"/><publish:element publish:icon="_36D487460258481367C7008C_icon.jpeg" publish:qualifiedname="Hotel_Reserva_Hospedagem_Grupo_2::Use Case View::Use-Case Model::Use Cases::Efetuar CheckOut::&lt;Association&gt;" xmi:id="_36D487460258481367C7008C" xsi:type="uml:Association"/><publish:element publish:icon="_36D487460258481367CB0213_icon.jpeg" publish:qualifiedname="Hotel_Reserva_Hospedagem_Grupo_2::Use Case View::Use-Case Model::Use Cases::Efetuar CheckOut::&lt;Association&gt;" xmi:id="_36D487460258481367CB0213" xsi:type="uml:Association"/><publish:element name="baUsuario" publish:icon="_36D4874602584800F0A9005E_icon.jpeg" publish:qualifiedname="Hotel_Reserva_Hospedagem_Grupo_2::Use Case View::Business Use-Case Model::baUsuario" xmi:id="_36D4874602584800F0A9005E" xsi:type="uml:Actor"/><publish:element name="EfetuarHospedagem" publish:icon="_36D4874602584800F11002A0_icon.jpeg" publish:qualifiedname="Hotel_Reserva_Hospedagem_Grupo_2::Use Case View::Business Use-Case Model::Efetuar Hospedagem::EfetuarHospedagem" xmi:id="_36D4874602584800F11002A0" xsi:type="uml:UseCase"/><publish:element publish:icon="_36D4874602584800F12202AF_icon.jpeg" publish:qualifiedname="Hotel_Reserva_Hospedagem_Grupo_2::Use Case View::Business Use-Case Model::Efetuar Hospedagem::&lt;Association&gt;" xmi:id="_36D4874602584800F12202AF" xsi:type="uml:Association"/><publish:element name="State/Activity Model" publish:icon="_36D4874602584800F24302BF_icon.jpeg" publish:qualifiedname="Hotel_Reserva_Hospedagem_Grupo_2::Use Case View::Business Use-Case Model::Efetuar Hospedagem::State/Activity Model" xmi:id="_36D4874602584800F24302BF" xsi:type="uml:Activity"/><publish:element publish:icon="_36D4874602584800F4F40138_icon.jpeg" publish:qualifiedname="Hotel_Reserva_Hospedagem_Grupo_2::Use Case View::Business Use-Case Model::Efetuar Hospedagem::State/Activity Model::&lt;DecisionNode&gt;" xmi:id="_36D4874602584800F4F40138" xsi:type="uml:DecisionNode"/><publish:element publish:icon="_36D4874602584800F51103D8_icon.jpeg" publish:qualifiedname="Hotel_Reserva_Hospedagem_Grupo_2::Use Case View::Business Use-Case Model::Efetuar Hospedagem::State/Activity Model::&lt;DecisionNode&gt;" xmi:id="_36D4874602584800F51103D8" xsi:type="uml:DecisionNode"/><publish:element publish:icon="_36D4874602584800F53101C5_icon.jpeg" publish:qualifiedname="Hotel_Reserva_Hospedagem_Grupo_2::Use Case View::Business Use-Case Model::Efetuar Hospedagem::State/Activity Model::&lt;DecisionNode&gt;" xmi:id="_36D4874602584800F53101C5" xsi:type="uml:DecisionNode"/><publish:element publish:icon="_36D4874602584800F4E9033C_icon.jpeg" publish:qualifiedname="Hotel_Reserva_Hospedagem_Grupo_2::Use Case View::Business Use-Case Model::Efetuar Hospedagem::State/Activity Model::&lt;InitialNode&gt;" xmi:id="_36D4874602584800F4E9033C" xsi:type="uml:InitialNode"/><publish:element publish:icon="_36D4874602584800F4EB01C5_icon.jpeg" publish:qualifiedname="Hotel_Reserva_Hospedagem_Grupo_2::Use Case View::Business Use-Case Model::Efetuar Hospedagem::State/Activity Model::&lt;ActivityFinalNode&gt;" xmi:id="_36D4874602584800F4EB01C5" xsi:type="uml:ActivityFinalNode"/><publish:element publish:icon="_36D4874602584800F4ED01B5_icon.jpeg" publish:qualifiedname="Hotel_Reserva_Hospedagem_Grupo_2::Use Case View::Business Use-Case Model::Efetuar Hospedagem::State/Activity Model::&lt;ActivityFinalNode&gt;" xmi:id="_36D4874602584800F4ED01B5" xsi:type="uml:ActivityFinalNode"/><publish:element publish:icon="_36D4874602584800FE290261_icon.jpeg" publish:qualifiedname="Hotel_Reserva_Hospedagem_Grupo_2::Use Case View::Business Use-Case Model::Efetuar Hospedagem::State/Activity Model::&lt;ActivityFinalNode&gt;" xmi:id="_36D4874602584800FE290261" xsi:type="uml:ActivityFinalNode"/><publish:element publish:icon="_36D4874602584800FE2F0148_icon.jpeg" publish:qualifiedname="Hotel_Reserva_Hospedagem_Grupo_2::Use Case View::Business Use-Case Model::Efetuar Hospedagem::State/Activity Model::&lt;ControlFlow&gt;" xmi:id="_36D4874602584800FE2F0148" xsi:type="uml:ControlFlow"/><publish:element publish:icon="_36D4874602584800F563039A_icon.jpeg" publish:qualifiedname="Hotel_Reserva_Hospedagem_Grupo_2::Use Case View::Business Use-Case Model::Efetuar Hospedagem::State/Activity Model::&lt;ControlFlow&gt;" xmi:id="_36D4874602584800F563039A" xsi:type="uml:ControlFlow"/><publish:element publish:icon="_36D4874602584800F59001E4_icon.jpeg" publish:qualifiedname="Hotel_Reserva_Hospedagem_Grupo_2::Use Case View::Business Use-Case Model::Efetuar Hospedagem::State/Activity Model::&lt;ControlFlow&gt;" xmi:id="_36D4874602584800F59001E4" xsi:type="uml:ControlFlow"/><publish:element publish:icon="_36D4874602584800F5670148_icon.jpeg" publish:qualifiedname="Hotel_Reserva_Hospedagem_Grupo_2::Use Case View::Business Use-Case Model::Efetuar Hospedagem::State/Activity Model::&lt;ControlFlow&gt;" xmi:id="_36D4874602584800F5670148" xsi:type="uml:ControlFlow"/><publish:element publish:icon="_36D4874602584800F58A0261_icon.jpeg" publish:qualifiedname="Hotel_Reserva_Hospedagem_Grupo_2::Use Case View::Business Use-Case Model::Efetuar Hospedagem::State/Activity Model::&lt;ControlFlow&gt;" xmi:id="_36D4874602584800F58A0261" xsi:type="uml:ControlFlow"/><publish:element publish:icon="_36D4874602584825A9880290_icon.jpeg" publish:qualifiedname="Hotel_Reserva_Hospedagem_Grupo_2::Use Case View::Business Use-Case Model::Efetuar Hospedagem::State/Activity Model::&lt;ControlFlow&gt;" xmi:id="_36D4874602584825A9880290" xsi:type="uml:ControlFlow"/><publish:element publish:icon="_36D4874602584800F81B008D_icon.jpeg" publish:qualifiedname="Hotel_Reserva_Hospedagem_Grupo_2::Use Case View::Business Use-Case Model::Efetuar Hospedagem::State/Activity Model::&lt;ControlFlow&gt;" xmi:id="_36D4874602584800F81B008D" xsi:type="uml:ControlFlow"/><publish:element publish:icon="_36D4874602584800F59D002F_icon.jpeg" publish:qualifiedname="Hotel_Reserva_Hospedagem_Grupo_2::Use Case View::Business Use-Case Model::Efetuar Hospedagem::State/Activity Model::&lt;ControlFlow&gt;" xmi:id="_36D4874602584800F59D002F" xsi:type="uml:ControlFlow"/><publish:element publish:icon="_36D4874602584800F56D037B_icon.jpeg" publish:qualifiedname="Hotel_Reserva_Hospedagem_Grupo_2::Use Case View::Business Use-Case Model::Efetuar Hospedagem::State/Activity Model::&lt;ControlFlow&gt;" xmi:id="_36D4874602584800F56D037B" xsi:type="uml:ControlFlow"/><publish:element publish:icon="_36D4874602584800F57A003E_icon.jpeg" publish:qualifiedname="Hotel_Reserva_Hospedagem_Grupo_2::Use Case View::Business Use-Case Model::Efetuar Hospedagem::State/Activity Model::&lt;ControlFlow&gt;" xmi:id="_36D4874602584800F57A003E" xsi:type="uml:ControlFlow"/><publish:element publish:icon="_36D4874602584800F5B802DE_icon.jpeg" publish:qualifiedname="Hotel_Reserva_Hospedagem_Grupo_2::Use Case View::Business Use-Case Model::Efetuar Hospedagem::State/Activity Model::&lt;ControlFlow&gt;" xmi:id="_36D4874602584800F5B802DE" xsi:type="uml:ControlFlow"/><publish:element publish:icon="_36D4874602584800F59701A6_icon.jpeg" publish:qualifiedname="Hotel_Reserva_Hospedagem_Grupo_2::Use Case View::Business Use-Case Model::Efetuar Hospedagem::State/Activity Model::&lt;ControlFlow&gt;" xmi:id="_36D4874602584800F59701A6" xsi:type="uml:ControlFlow"/><publish:element publish:icon="_36D4874602584800F5800290_icon.jpeg" publish:qualifiedname="Hotel_Reserva_Hospedagem_Grupo_2::Use Case View::Business Use-Case Model::Efetuar Hospedagem::State/Activity Model::&lt;ControlFlow&gt;" xmi:id="_36D4874602584800F5800290" xsi:type="uml:ControlFlow"/><publish:element publish:icon="_36D4874602584800F58401B5_icon.jpeg" publish:qualifiedname="Hotel_Reserva_Hospedagem_Grupo_2::Use Case View::Business Use-Case Model::Efetuar Hospedagem::State/Activity Model::&lt;ControlFlow&gt;" xmi:id="_36D4874602584800F58401B5" xsi:type="uml:ControlFlow"/><publish:element name="Controlar Quartos" publish:icon="_36D48746025848136564009C_icon.jpeg" publish:qualifiedname="Hotel_Reserva_Hospedagem_Grupo_2::Use Case View::Use-Case Model::Use Cases::Controlar Quartos::Controlar Quartos" xmi:id="_36D48746025848136564009C" xsi:type="uml:UseCase"/><publish:element publish:icon="_36D487460258481365890128_icon.jpeg" publish:qualifiedname="Hotel_Reserva_Hospedagem_Grupo_2::Use Case View::Use-Case Model::Use Cases::Controlar Quartos::&lt;Association&gt;" xmi:id="_36D487460258481365890128" xsi:type="uml:Association"/><publish:element publish:icon="_n-E1cEl5Ed2tFZtm_CBy6Q_icon.jpeg" publish:qualifiedname="Hotel_Reserva_Hospedagem_Grupo_2::Diagramas de classes::Classes::&lt;Association&gt;" xmi:id="_n-E1cEl5Ed2tFZtm_CBy6Q" xsi:type="uml:Association"/><publish:element publish:icon="_Xjm8MEl7Ed2tFZtm_CBy6Q_icon.jpeg" publish:qualifiedname="Hotel_Reserva_Hospedagem_Grupo_2::Diagramas de classes::Classes::&lt;Association&gt;" xmi:id="_Xjm8MEl7Ed2tFZtm_CBy6Q" xsi:type="uml:Association"/><publish:element publish:icon="_xQRrgEl3Ed2tFZtm_CBy6Q_icon.jpeg" publish:qualifiedname="Hotel_Reserva_Hospedagem_Grupo_2::Diagramas de classes::Classes::&lt;Association&gt;" xmi:id="_xQRrgEl3Ed2tFZtm_CBy6Q" xsi:type="uml:Association"/><publish:element publish:icon="_zVymgEl3Ed2tFZtm_CBy6Q_icon.jpeg" publish:qualifiedname="Hotel_Reserva_Hospedagem_Grupo_2::Diagramas de classes::Classes::&lt;Association&gt;" xmi:id="_zVymgEl3Ed2tFZtm_CBy6Q" xsi:type="uml:Association"/><publish:element publish:icon="_lS5MIEl6Ed2tFZtm_CBy6Q_icon.jpeg" publish:qualifiedname="Hotel_Reserva_Hospedagem_Grupo_2::Diagramas de classes::Classes::&lt;Association&gt;" xmi:id="_lS5MIEl6Ed2tFZtm_CBy6Q" xsi:type="uml:Association"/><publish:element publish:icon="_Q6CAIEl7Ed2tFZtm_CBy6Q_icon.jpeg" publish:qualifiedname="Hotel_Reserva_Hospedagem_Grupo_2::Diagramas de classes::Classes::&lt;Association&gt;" xmi:id="_Q6CAIEl7Ed2tFZtm_CBy6Q" xsi:type="uml:Association"/><publish:element name="Reserva" publish:icon="_pBg6UEl3Ed2tFZtm_CBy6Q_icon.jpeg" publish:qualifiedname="Hotel_Reserva_Hospedagem_Grupo_2::Diagramas de classes::Classes::Reserva" xmi:id="_pBg6UEl3Ed2tFZtm_CBy6Q" xsi:type="uml:Class"/><publish:element name="Hospede" publish:icon="_eLkrgEl3Ed2tFZtm_CBy6Q_icon.jpeg" publish:qualifiedname="Hotel_Reserva_Hospedagem_Grupo_2::Diagramas de classes::Classes::Hospede" xmi:id="_eLkrgEl3Ed2tFZtm_CBy6Q" xsi:type="uml:Class"/><publish:element name="Produto" publish:icon="_vvLaQEl5Ed2tFZtm_CBy6Q_icon.jpeg" publish:qualifiedname="Hotel_Reserva_Hospedagem_Grupo_2::Diagramas de classes::Classes::Produto" xmi:id="_vvLaQEl5Ed2tFZtm_CBy6Q" xsi:type="uml:Class"/><publish:element name="Quarto" publish:icon="_gy6hMEl3Ed2tFZtm_CBy6Q_icon.jpeg" publish:qualifiedname="Hotel_Reserva_Hospedagem_Grupo_2::Diagramas de classes::Classes::Quarto" xmi:id="_gy6hMEl3Ed2tFZtm_CBy6Q" xsi:type="uml:Class"/><publish:element name="ItemConsumido" publish:icon="_i2G2EEl5Ed2tFZtm_CBy6Q_icon.jpeg" publish:qualifiedname="Hotel_Reserva_Hospedagem_Grupo_2::Diagramas de classes::Classes::ItemConsumido" xmi:id="_i2G2EEl5Ed2tFZtm_CBy6Q" xsi:type="uml:Class"/><publish:element name="Usuario" publish:icon="_3QrAUEl6Ed2tFZtm_CBy6Q_icon.jpeg" publish:qualifiedname="Hotel_Reserva_Hospedagem_Grupo_2::Diagramas de classes::Classes::Usuario" xmi:id="_3QrAUEl6Ed2tFZtm_CBy6Q" xsi:type="uml:Class"/><publish:element name="Atendente" publish:icon="_XXzxUEl6Ed2tFZtm_CBy6Q_icon.jpeg" publish:qualifiedname="Hotel_Reserva_Hospedagem_Grupo_2::Diagramas de classes::Classes::Atendente" xmi:id="_XXzxUEl6Ed2tFZtm_CBy6Q" xsi:type="uml:Class"/><publish:element publish:icon="_bqhfME1VEd2qWd3987H-eg_icon.jpeg" publish:qualifiedname="Hotel_Reserva_Hospedagem_Grupo_2::Diagramas de classes::Classes::&lt;Association&gt;" xmi:id="_bqhfME1VEd2qWd3987H-eg" xsi:type="uml:Association"/><publish:element publish:icon="_xQe30E1REd2qWd3987H-eg_icon.jpeg" publish:qualifiedname="Hotel_Reserva_Hospedagem_Grupo_2::Diagramas de classes::&lt;Association&gt;" xmi:id="_xQe30E1REd2qWd3987H-eg" xsi:type="uml:Association"/><publish:element publish:icon="_dtJJIE1TEd2qWd3987H-eg_icon.jpeg" publish:qualifiedname="Hotel_Reserva_Hospedagem_Grupo_2::Diagramas de classes::&lt;Association&gt;" xmi:id="_dtJJIE1TEd2qWd3987H-eg" xsi:type="uml:Association"/><publish:element publish:icon="_9ljsME1TEd2qWd3987H-eg_icon.jpeg" publish:qualifiedname="Hotel_Reserva_Hospedagem_Grupo_2::Diagramas de classes::&lt;Association&gt;" xmi:id="_9ljsME1TEd2qWd3987H-eg" xsi:type="uml:Association"/><publish:element publish:icon="_B-zScE1WEd2qWd3987H-eg_icon.jpeg" publish:qualifiedname="Hotel_Reserva_Hospedagem_Grupo_2::Diagramas de classes::&lt;Association&gt;" xmi:id="_B-zScE1WEd2qWd3987H-eg" xsi:type="uml:Association"/><publish:element publish:icon="_9VQfAE1WEd2qWd3987H-eg_icon.jpeg" publish:qualifiedname="Hotel_Reserva_Hospedagem_Grupo_2::Diagramas de classes::&lt;Association&gt;" xmi:id="_9VQfAE1WEd2qWd3987H-eg" xsi:type="uml:Association"/><publish:element publish:icon="_36D48746025835C633DA030C_icon.jpeg" publish:qualifiedname="Hotel_Reserva_Hospedagem_Grupo_2::Use Case View::Use-Case Model::&lt;Dependency&gt;" xmi:id="_36D48746025835C633DA030C" xsi:type="uml:Dependency"/><publish:element publish:icon="_36D48746025848258E9C030D_icon.jpeg" publish:qualifiedname="Hotel_Reserva_Hospedagem_Grupo_2::Use Case View::Use-Case Model::&lt;Association&gt;" xmi:id="_36D48746025848258E9C030D" xsi:type="uml:Association"/><publish:element name="NewUseCase" publish:icon="_36D4874602584825A9C302AF_icon.jpeg" publish:qualifiedname="Hotel_Reserva_Hospedagem_Grupo_2::Use Case View::Business Use-Case Model::teste::NewUseCase" xmi:id="_36D4874602584825A9C302AF" xsi:type="uml:UseCase"/><publish:element name="Atendente" publish:icon="_36D4874602584813623E02DE_icon.jpeg" publish:qualifiedname="Hotel_Reserva_Hospedagem_Grupo_2::Use Case View::Use-Case Model::Actors::Atendente" xmi:id="_36D4874602584813623E02DE" xsi:type="uml:Actor"/><publish:element name="Hospede" publish:icon="_36D4874602584813626B038A_icon.jpeg" publish:qualifiedname="Hotel_Reserva_Hospedagem_Grupo_2::Use Case View::Use-Case Model::Actors::Hospede" xmi:id="_36D4874602584813626B038A" xsi:type="uml:Actor"/><publish:element name="Garcon" publish:icon="_36D4874602584825ABCF0186_icon.jpeg" publish:qualifiedname="Hotel_Reserva_Hospedagem_Grupo_2::Use Case View::Use-Case Model::Actors::Garcon" xmi:id="_36D4874602584825ABCF0186" xsi:type="uml:Actor"/><publish:element name="Funcionario do Hotel" publish:icon="_36D4874602584825AD31001F_icon.jpeg" publish:qualifiedname="Hotel_Reserva_Hospedagem_Grupo_2::Use Case View::Use-Case Model::Actors::Funcionario do Hotel" xmi:id="_36D4874602584825AD31001F" xsi:type="uml:Actor"/><publish:element name="Camareira" publish:icon="_36D4874602584825AD44033C_icon.jpeg" publish:qualifiedname="Hotel_Reserva_Hospedagem_Grupo_2::Use Case View::Use-Case Model::Actors::Camareira" xmi:id="_36D4874602584825AD44033C" xsi:type="uml:Actor"/><publish:element name="Controlar Hospede" publish:icon="_36D487460258481364BD02AF_icon.jpeg" publish:qualifiedname="Hotel_Reserva_Hospedagem_Grupo_2::Use Case View::Use-Case Model::Use Cases::Controlar Hospede::Controlar Hospede" xmi:id="_36D487460258481364BD02AF" xsi:type="uml:UseCase"/><publish:element publish:icon="_36D487460258481364FB00DA_icon.jpeg" publish:qualifiedname="Hotel_Reserva_Hospedagem_Grupo_2::Use Case View::Use-Case Model::Use Cases::Controlar Hospede::&lt;Association&gt;" xmi:id="_36D487460258481364FB00DA" xsi:type="uml:Association"/></publish:elements>