<?xml version="1.0" encoding="UTF-8"?><publish:packages xmlns:publish="http://www.ibm.com/Rational/XTools/Publish" xmlns:xmi="http://www.omg.org/XMI"><publish:package name="Use Cases" publish:icon="_36D48746025834E37E430280_icon.jpeg" publish:qualifiedname="Hotel_Reserva_Hospedagem_Grupo_2::Use Case View::Use-Case Model::Use Cases" xmi:id="_36D48746025834E37E430280"/><publish:package name="Controlar Consumo Produto" publish:icon="_36D4874602584825AAFA0148_icon.jpeg" publish:qualifiedname="Hotel_Reserva_Hospedagem_Grupo_2::Use Case View::Use-Case Model::Use Cases::Controlar Consumo Produto" xmi:id="_36D4874602584825AAFA0148"/><publish:package name="Efetuar Reserva" publish:icon="_36D4874602584800F061033C_icon.jpeg" publish:qualifiedname="Hotel_Reserva_Hospedagem_Grupo_2::Use Case View::Business Use-Case Model::Efetuar Reserva" xmi:id="_36D4874602584800F061033C"/><publish:package name="Class Diagram - Reserva" publish:icon="__zPQkEl1Ed2tFZtm_CBy6Q_icon.jpeg" publish:qualifiedname="Hotel_Reserva_Hospedagem_Grupo_2::Diagramas de classes::Class Diagram - Reserva" xmi:id="__zPQkEl1Ed2tFZtm_CBy6Q"/><publish:package name="Controlar Consumo" publish:icon="_36D4874602584825976B01E4_icon.jpeg" publish:qualifiedname="Hotel_Reserva_Hospedagem_Grupo_2::Use Case View::Use-Case Model::Use Cases::Controlar Consumo" xmi:id="_36D4874602584825976B01E4"/><publish:package name="Efetuar Reserva" publish:icon="_36D48746025835C0EC150366_icon.jpeg" publish:qualifiedname="Hotel_Reserva_Hospedagem_Grupo_2::Use Case View::Use-Case Model::Use Cases::Efetuar Reserva" xmi:id="_36D48746025835C0EC150366"/><publish:package name="Controlar Consumo Servico" publish:icon="_36D4874602584825AB0C037A_icon.jpeg" publish:qualifiedname="Hotel_Reserva_Hospedagem_Grupo_2::Use Case View::Use-Case Model::Use Cases::Controlar Consumo Servico" xmi:id="_36D4874602584825AB0C037A"/><publish:package name="Efetuar CheckIn" publish:icon="_36D4874602584813633C0157_icon.jpeg" publish:qualifiedname="Hotel_Reserva_Hospedagem_Grupo_2::Use Case View::Use-Case Model::Use Cases::Efetuar CheckIn" xmi:id="_36D4874602584813633C0157"/><publish:package name="Controlar Produtos" publish:icon="_36D4874602584825982602CE_icon.jpeg" publish:qualifiedname="Hotel_Reserva_Hospedagem_Grupo_2::Use Case View::Use-Case Model::Use Cases::Controlar Produtos" xmi:id="_36D4874602584825982602CE"/><publish:package name="Efetuar CheckOut" publish:icon="_36D48746025848136738033C_icon.jpeg" publish:qualifiedname="Hotel_Reserva_Hospedagem_Grupo_2::Use Case View::Use-Case Model::Use Cases::Efetuar CheckOut" xmi:id="_36D48746025848136738033C"/><publish:package name="Business Use-Case Model" publish:icon="_36D48746025835B677D701B8_icon.jpeg" publish:qualifiedname="Hotel_Reserva_Hospedagem_Grupo_2::Use Case View::Business Use-Case Model" xmi:id="_36D48746025835B677D701B8"/><publish:package name="Efetuar Hospedagem" publish:icon="_36D4874602584800F0730177_icon.jpeg" publish:qualifiedname="Hotel_Reserva_Hospedagem_Grupo_2::Use Case View::Business Use-Case Model::Efetuar Hospedagem" xmi:id="_36D4874602584800F0730177"/><publish:package name="Controlar Quartos" publish:icon="_36D487460258481365510157_icon.jpeg" publish:qualifiedname="Hotel_Reserva_Hospedagem_Grupo_2::Use Case View::Use-Case Model::Use Cases::Controlar Quartos" xmi:id="_36D487460258481365510157"/><publish:package name="Use Case View" publish:icon="_36D48746025834DBB4830142_icon.jpeg" publish:qualifiedname="Hotel_Reserva_Hospedagem_Grupo_2::Use Case View" xmi:id="_36D48746025834DBB4830142"/><publish:package name="Classes" publish:icon="_5H2nkEl-Ed2tFZtm_CBy6Q_icon.jpeg" publish:qualifiedname="Hotel_Reserva_Hospedagem_Grupo_2::Diagramas de classes::Classes" xmi:id="_5H2nkEl-Ed2tFZtm_CBy6Q"/><publish:package name="Diagramas de classes" publish:icon="_0t9ZsEl_Ed2tFZtm_CBy6Q_icon.jpeg" publish:qualifiedname="Hotel_Reserva_Hospedagem_Grupo_2::Diagramas de classes" xmi:id="_0t9ZsEl_Ed2tFZtm_CBy6Q"/><publish:package name="Use-Case Model" publish:icon="_36D48746025835B677F4010E_icon.jpeg" publish:qualifiedname="Hotel_Reserva_Hospedagem_Grupo_2::Use Case View::Use-Case Model" xmi:id="_36D48746025835B677F4010E"/><publish:package name="teste" publish:icon="_36D4874602584825A9A80177_icon.jpeg" publish:qualifiedname="Hotel_Reserva_Hospedagem_Grupo_2::Use Case View::Business Use-Case Model::teste" xmi:id="_36D4874602584825A9A80177"/><publish:package name="Actors" publish:icon="_36D4874602583518CBC9026C_icon.jpeg" publish:qualifiedname="Hotel_Reserva_Hospedagem_Grupo_2::Use Case View::Use-Case Model::Actors" xmi:id="_36D4874602583518CBC9026C"/><publish:package name="Controlar Hospede" publish:icon="_36D487460258481364AB005D_icon.jpeg" publish:qualifiedname="Hotel_Reserva_Hospedagem_Grupo_2::Use Case View::Use-Case Model::Use Cases::Controlar Hospede" xmi:id="_36D487460258481364AB005D"/></publish:packages>