<?xml version="1.0" encoding="UTF-8"?><publish:diagrams xmlns:publish="http://www.ibm.com/Rational/XTools/Publish" xmlns:xmi="http://www.omg.org/XMI"><publish:diagram name="View Efetuar Reserva" publish:icon="_36D4874602584800F08900FA_icon.jpeg" publish:qualifiedname="Hotel_Reserva_Hospedagem_Grupo_2::Use Case View::Business Use-Case Model::Efetuar Reserva::EfetuarReserva::View Efetuar Reserva" xmi:id="_36D4874602584800F08900FA"/><publish:diagram name="Diagrama de Atividades Efetuar Reserva" publish:icon="_36D4874602584800F25F0040_icon.jpeg" publish:qualifiedname="Hotel_Reserva_Hospedagem_Grupo_2::Use Case View::Business Use-Case Model::Efetuar Reserva::State/Activity Model2::Diagrama de Atividades Efetuar Reserva" xmi:id="_36D4874602584800F25F0040"/><publish:diagram name="Diagrama de classes - Reserva" publish:icon="_YtpJkEl_Ed2tFZtm_CBy6Q_icon.jpeg" publish:qualifiedname="Hotel_Reserva_Hospedagem_Grupo_2::Diagramas de classes::Class Diagram - Reserva::Diagrama de classes - Reserva" xmi:id="_YtpJkEl_Ed2tFZtm_CBy6Q"/><publish:diagram name="Local View Controlar Consumo" publish:icon="_36D4874602584825ACF80261_icon.jpeg" publish:qualifiedname="Hotel_Reserva_Hospedagem_Grupo_2::Use Case View::Use-Case Model::Use Cases::Controlar Consumo::Controlar Consumo::Local View Controlar Consumo" xmi:id="_36D4874602584825ACF80261"/><publish:diagram name="Diagrama de Caso de Uso do Efetuar Reserva" publish:icon="_36D487460258481362E00167_icon.jpeg" publish:qualifiedname="Hotel_Reserva_Hospedagem_Grupo_2::Use Case View::Use-Case Model::Use Cases::Efetuar Reserva::Efetuar Reserva::Diagrama de Caso de Uso do Efetuar Reserva" xmi:id="_36D487460258481362E00167"/><publish:diagram name="Diagrama de Caso de Uso do Efetuar CheckIn" publish:icon="_36D4874602584813636E01B5_icon.jpeg" publish:qualifiedname="Hotel_Reserva_Hospedagem_Grupo_2::Use Case View::Use-Case Model::Use Cases::Efetuar CheckIn::Efetuar CheckIn::Diagrama de Caso de Uso do Efetuar CheckIn" xmi:id="_36D4874602584813636E01B5"/><publish:diagram name="Local View Controlar Produtos" publish:icon="_36D4874602584825983C0119_icon.jpeg" publish:qualifiedname="Hotel_Reserva_Hospedagem_Grupo_2::Use Case View::Use-Case Model::Use Cases::Controlar Produtos::Controlar Produtos::Local View Controlar Produtos" xmi:id="_36D4874602584825983C0119"/><publish:diagram name="Diagrama de Caso de Uso efetuar CheckOut" publish:icon="_36D487460258481367830261_icon.jpeg" publish:qualifiedname="Hotel_Reserva_Hospedagem_Grupo_2::Use Case View::Use-Case Model::Use Cases::Efetuar CheckOut::Efetuar CheckOut::Diagrama de Caso de Uso efetuar CheckOut" xmi:id="_36D487460258481367830261"/><publish:diagram name="Global View of Business Actors and Business Use Cases" publish:icon="_36D48746025835C0DFF50172_icon.jpeg" publish:qualifiedname="Hotel_Reserva_Hospedagem_Grupo_2::Use Case View::Business Use-Case Model::Global View of Business Actors and Business Use Cases" xmi:id="_36D48746025835C0DFF50172"/><publish:diagram name="View Efetuar Hospedagem" publish:icon="_36D4874602584800F0D3007D_icon.jpeg" publish:qualifiedname="Hotel_Reserva_Hospedagem_Grupo_2::Use Case View::Business Use-Case Model::Efetuar Hospedagem::EfetuarHospedagem::View Efetuar Hospedagem" xmi:id="_36D4874602584800F0D3007D"/><publish:diagram name="Diagrama de Atividades Efetuar Hospedagem" publish:icon="_36D4874602584800F24302C1_icon.jpeg" publish:qualifiedname="Hotel_Reserva_Hospedagem_Grupo_2::Use Case View::Business Use-Case Model::Efetuar Hospedagem::State/Activity Model::Diagrama de Atividades Efetuar Hospedagem" xmi:id="_36D4874602584800F24302C1"/><publish:diagram name="Diagrama de Caso de Uso do Controlar Quartos" publish:icon="_36D48746025848136570032C_icon.jpeg" publish:qualifiedname="Hotel_Reserva_Hospedagem_Grupo_2::Use Case View::Use-Case Model::Use Cases::Controlar Quartos::Controlar Quartos::Diagrama de Caso de Uso do Controlar Quartos" xmi:id="_36D48746025848136570032C"/><publish:diagram name="Main" publish:icon="_36D48746025835C6339B029F_icon.jpeg" publish:qualifiedname="Hotel_Reserva_Hospedagem_Grupo_2::Use Case View::Main" xmi:id="_36D48746025835C6339B029F"/><publish:diagram name="Main" publish:icon="_0t9Zskl_Ed2tFZtm_CBy6Q_icon.jpeg" publish:qualifiedname="Hotel_Reserva_Hospedagem_Grupo_2::Diagramas de classes::Main" xmi:id="_0t9Zskl_Ed2tFZtm_CBy6Q"/><publish:diagram name="Global View of Actors and Use Cases" publish:icon="_36D48746025835B6803F0281_icon.jpeg" publish:qualifiedname="Hotel_Reserva_Hospedagem_Grupo_2::Use Case View::Use-Case Model::Global View of Actors and Use Cases" xmi:id="_36D48746025835B6803F0281"/><publish:diagram name="Diagrama de Caso de Uso Controlar Hospede" publish:icon="_36D487460258481364C801C5_icon.jpeg" publish:qualifiedname="Hotel_Reserva_Hospedagem_Grupo_2::Use Case View::Use-Case Model::Use Cases::Controlar Hospede::Controlar Hospede::Diagrama de Caso de Uso Controlar Hospede" xmi:id="_36D487460258481364C801C5"/></publish:diagrams>