<?xml version="1.0" encoding="UTF-8"?><packagedElement xmlns:publish="http://www.ibm.com/Rational/XTools/Publish" xmlns:xmi="http://www.omg.org/XMI" xmlns:com.ibm.xtools.notation="http:///com/ibm/xtools/notation.ecore" xmlns:uml="http://www.eclipse.org/uml2/1.0.0/UML" xmlns:xsi="http://www.w3.org/2001/XMLSchema-instance" name="Diagramas de classes" publish:diagramFormat="GIF" publish:icon="_0t9ZsEl_Ed2tFZtm_CBy6Q_icon.jpeg" publish:modelname="Hotel_Reserva_Hospedagem_Grupo_2" publish:qualifiedname="Hotel_Reserva_Hospedagem_Grupo_2::Diagramas de classes" publish:toplevelguid="36D487460258" xmi:id="_0t9ZsEl_Ed2tFZtm_CBy6Q" xmi:version="2.0" xsi:type="uml:Package"><publish:properties><publish:property name="Alias" publish:category="UML" publish:description="Alias property of the UML element"/><publish:property name="Keywords" publish:category="UML" publish:description="Keywords property of the UML element"/><publish:property name="Name" publish:category="UML" publish:description="The Name of the Named Element" publish:value="Diagramas de classes"/><publish:property name="Name Expression" publish:category="UML" publish:description="The Name Expression of the Named Element"/><publish:property name="Namespace" publish:category="UML" publish:description="The Namespace of the Named Element" publish:value="&lt;Model&gt; Hotel_Reserva_Hospedagem_Grupo_2"/><publish:property name="Nesting Package" publish:category="UML" publish:description="The Nesting Package of the Package" publish:value="&lt;Model&gt; Hotel_Reserva_Hospedagem_Grupo_2"/><publish:property name="Owned Template Signature" publish:category="UML" publish:description="The Owned Template Signature of the Templateable Element"/><publish:property name="Owner" publish:category="UML" publish:description="The Owner of the Element" publish:value="&lt;Model&gt; Hotel_Reserva_Hospedagem_Grupo_2"/><publish:property name="Owning Template Parameter" publish:category="UML" publish:description="The Owning Template Parameter of the Parameterable Element"/><publish:property name="Qualified Name" publish:category="UML" publish:description="The Qualified Name of the Named Element" publish:value="Hotel_Reserva_Hospedagem_Grupo_2::Diagramas de classes"/><publish:property name="Stereotype" publish:category="UML"/><publish:property name="Template Parameter" publish:category="UML" publish:description="The Template Parameter of the Parameterable Element"/><publish:property name="Visibility" publish:category="UML" publish:description="The Visibility of the Named Element" publish:value="Public"/></publish:properties><contents Type="Freeform" name="Main" publish:icon="_0t9Zskl_Ed2tFZtm_CBy6Q_icon.jpeg" publish:imageType="GIF" publish:qualifiedname="Hotel_Reserva_Hospedagem_Grupo_2::Diagramas de classes::Main" xmi:id="_0t9Zskl_Ed2tFZtm_CBy6Q" xsi:type="notation:Diagram"><publish:properties><publish:property name="Measurement Unit" publish:category="View" publish:description="The Measurement Unit of the Diagram" publish:value="Himetric"/><publish:property name="Name" publish:category="View" publish:description="The Name of the Diagram" publish:value="Main"/><publish:property name="Styles" publish:category="View" publish:description="The Styles of the View"/></publish:properties></contents><packagedElement name="&lt;Unnamed Association&gt;" publish:icon="_xQe30E1REd2qWd3987H-eg_icon.jpeg" publish:qualifiedname="Hotel_Reserva_Hospedagem_Grupo_2::Diagramas de classes::&lt;Association&gt;" xmi:id="_xQe30E1REd2qWd3987H-eg" xsi:type="uml:Association"><publish:properties><publish:property name="Alias" publish:category="UML" publish:description="Alias property of the UML element"/><publish:property name="Is Abstract" publish:category="UML" publish:description="The Is Abstract of the Classifier" publish:value="false"/><publish:property name="Is Derived" publish:category="UML" publish:description="The Is Derived of the Association" publish:value="false"/><publish:property name="Is Leaf" publish:category="UML" publish:description="The Is Leaf of the Redefinable Element" publish:value="false"/><publish:property name="Keywords" publish:category="UML" publish:description="Keywords property of the UML element"/><publish:property name="Kind" publish:category="UML" publish:description="Association kind property of Association" publish:value="0 - simple"/><publish:property name="Name" publish:category="UML" publish:description="The Name of the Named Element"/><publish:property name="Name Expression" publish:category="UML" publish:description="The Name Expression of the Named Element"/><publish:property name="Namespace" publish:category="UML" publish:description="The Namespace of the Named Element" publish:value="&lt;Package&gt; Diagramas de classes"/><publish:property name="Owned Template Signature" publish:category="UML" publish:description="The Owned Template Signature of the Templateable Element"/><publish:property name="Owner" publish:category="UML" publish:description="The Owner of the Element" publish:value="&lt;Package&gt; Diagramas de classes"/><publish:property name="Owning Template Parameter" publish:category="UML" publish:description="The Owning Template Parameter of the Parameterable Element"/><publish:property name="Package" publish:category="UML" publish:description="The Package of the Type" publish:value="&lt;Package&gt; Diagramas de classes"/><publish:property name="Qualified Name" publish:category="UML" publish:description="The Qualified Name of the Named Element"/><publish:property name="Representation" publish:category="UML" publish:description="The Representation of the Classifier"/><publish:property name="Stereotype" publish:category="UML"/><publish:property name="Template Parameter" publish:category="UML" publish:description="The Template Parameter of the Parameterable Element"/><publish:property name="Visibility" publish:category="UML" publish:description="The Visibility of the Named Element" publish:value="Public"/></publish:properties></packagedElement><packagedElement name="&lt;Unnamed Association&gt;" publish:icon="_dtJJIE1TEd2qWd3987H-eg_icon.jpeg" publish:qualifiedname="Hotel_Reserva_Hospedagem_Grupo_2::Diagramas de classes::&lt;Association&gt;" xmi:id="_dtJJIE1TEd2qWd3987H-eg" xsi:type="uml:Association"><publish:properties><publish:property name="Alias" publish:category="UML" publish:description="Alias property of the UML element"/><publish:property name="Is Abstract" publish:category="UML" publish:description="The Is Abstract of the Classifier" publish:value="false"/><publish:property name="Is Derived" publish:category="UML" publish:description="The Is Derived of the Association" publish:value="false"/><publish:property name="Is Leaf" publish:category="UML" publish:description="The Is Leaf of the Redefinable Element" publish:value="false"/><publish:property name="Keywords" publish:category="UML" publish:description="Keywords property of the UML element"/><publish:property name="Kind" publish:category="UML" publish:description="Association kind property of Association" publish:value="2 - composition"/><publish:property name="Name" publish:category="UML" publish:description="The Name of the Named Element"/><publish:property name="Name Expression" publish:category="UML" publish:description="The Name Expression of the Named Element"/><publish:property name="Namespace" publish:category="UML" publish:description="The Namespace of the Named Element" publish:value="&lt;Package&gt; Diagramas de classes"/><publish:property name="Owned Template Signature" publish:category="UML" publish:description="The Owned Template Signature of the Templateable Element"/><publish:property name="Owner" publish:category="UML" publish:description="The Owner of the Element" publish:value="&lt;Package&gt; Diagramas de classes"/><publish:property name="Owning Template Parameter" publish:category="UML" publish:description="The Owning Template Parameter of the Parameterable Element"/><publish:property name="Package" publish:category="UML" publish:description="The Package of the Type" publish:value="&lt;Package&gt; Diagramas de classes"/><publish:property name="Qualified Name" publish:category="UML" publish:description="The Qualified Name of the Named Element"/><publish:property name="Representation" publish:category="UML" publish:description="The Representation of the Classifier"/><publish:property name="Stereotype" publish:category="UML"/><publish:property name="Template Parameter" publish:category="UML" publish:description="The Template Parameter of the Parameterable Element"/><publish:property name="Visibility" publish:category="UML" publish:description="The Visibility of the Named Element" publish:value="Public"/></publish:properties><ownedEnd name="&lt;Unnamed Property&gt;" publish:icon="_dtcEEU1TEd2qWd3987H-eg_icon.jpeg" publish:is_association="true" publish:qualifiedname="Hotel_Reserva_Hospedagem_Grupo_2::Diagramas de classes::&lt;Association&gt;::&lt;Property&gt;" publish:type="Endereco" publish:typeid="_rzfqsE1REd2qWd3987H-eg" xmi:id="_dtcEEU1TEd2qWd3987H-eg" xsi:type="uml:Property"><publish:properties><publish:property name="Aggregation" publish:category="UML" publish:description="The Aggregation of the Property" publish:value="None"/><publish:property name="Alias" publish:category="UML" publish:description="Alias property of the UML element"/><publish:property name="Association" publish:category="UML" publish:description="The Association of the Property" publish:value="&lt;Association&gt; A_hospede2_endereco"/><publish:property name="Association End" publish:category="UML" publish:description="The Association End of the Property"/><publish:property name="Class" publish:category="UML" publish:description="The Class of the Property"/><publish:property name="Datatype" publish:category="UML" publish:description="The Datatype of the Property"/><publish:property name="Default" publish:category="UML" publish:description="The Default of the Property"/><publish:property name="Default Value" publish:category="UML" publish:description="The Default Value of the Property"/><publish:property name="Is Composite" publish:category="UML" publish:description="The Is Composite of the Property" publish:value="false"/><publish:property name="Is Derived" publish:category="UML" publish:description="The Is Derived of the Property" publish:value="false"/><publish:property name="Is Derived Union" publish:category="UML" publish:description="The Is Derived Union of the Property" publish:value="false"/><publish:property name="Is Leaf" publish:category="UML" publish:description="The Is Leaf of the Redefinable Element" publish:value="false"/><publish:property name="Is Ordered" publish:category="UML" publish:description="The Is Ordered of the Multiplicity Element" publish:value="false"/><publish:property name="Is Read Only" publish:category="UML" publish:description="The Is Read Only of the Structural Feature" publish:value="false"/><publish:property name="Is Static" publish:category="UML" publish:description="The Is Static of the Feature" publish:value="false"/><publish:property name="Is Unique" publish:category="UML" publish:description="The Is Unique of the Multiplicity Element" publish:value="true"/><publish:property name="Keywords" publish:category="UML" publish:description="Keywords property of the UML element"/><publish:property name="Lower" publish:category="UML" publish:description="The Lower of the Multiplicity Element" publish:value="1"/><publish:property name="Lower Value" publish:category="UML" publish:description="The Lower Value of the Multiplicity Element"/><publish:property name="Multiplicity" publish:category="UML" publish:description="Multiplicity property of Multiplicity Element" publish:value="1"/><publish:property name="Name" publish:category="UML" publish:description="The Name of the Named Element"/><publish:property name="Name Expression" publish:category="UML" publish:description="The Name Expression of the Named Element"/><publish:property name="Namespace" publish:category="UML" publish:description="The Namespace of the Named Element" publish:value="&lt;Association&gt; A_hospede2_endereco"/><publish:property name="Opposite" publish:category="UML" publish:description="The Opposite of the Property"/><publish:property name="Owned Template Signature" publish:category="UML" publish:description="The Owned Template Signature of the Templateable Element"/><publish:property name="Owner" publish:category="UML" publish:description="The Owner of the Element" publish:value="&lt;Association&gt; A_hospede2_endereco"/><publish:property name="Owning Association" publish:category="UML" publish:description="The Owning Association of the Property" publish:value="&lt;Association&gt; A_hospede2_endereco"/><publish:property name="Owning Template Parameter" publish:category="UML" publish:description="The Owning Template Parameter of the Parameterable Element"/><publish:property name="Qualified Name" publish:category="UML" publish:description="The Qualified Name of the Named Element"/><publish:property name="Stereotype" publish:category="UML"/><publish:property name="Template Parameter" publish:category="UML" publish:description="The Template Parameter of the Parameterable Element"/><publish:property name="Type" publish:category="UML" publish:description="The Type of the Typed Element" publish:value="&lt;Class&gt; Endereco"/><publish:property name="Upper" publish:category="UML" publish:description="The Upper of the Multiplicity Element" publish:value="1"/><publish:property name="Upper Value" publish:category="UML" publish:description="The Upper Value of the Multiplicity Element"/><publish:property name="Visibility" publish:category="UML" publish:description="The Visibility of the Named Element" publish:value="Private"/></publish:properties></ownedEnd></packagedElement><packagedElement name="&lt;Unnamed Association&gt;" publish:icon="_9ljsME1TEd2qWd3987H-eg_icon.jpeg" publish:qualifiedname="Hotel_Reserva_Hospedagem_Grupo_2::Diagramas de classes::&lt;Association&gt;" xmi:id="_9ljsME1TEd2qWd3987H-eg" xsi:type="uml:Association"><publish:properties><publish:property name="Alias" publish:category="UML" publish:description="Alias property of the UML element"/><publish:property name="Is Abstract" publish:category="UML" publish:description="The Is Abstract of the Classifier" publish:value="false"/><publish:property name="Is Derived" publish:category="UML" publish:description="The Is Derived of the Association" publish:value="false"/><publish:property name="Is Leaf" publish:category="UML" publish:description="The Is Leaf of the Redefinable Element" publish:value="false"/><publish:property name="Keywords" publish:category="UML" publish:description="Keywords property of the UML element"/><publish:property name="Kind" publish:category="UML" publish:description="Association kind property of Association" publish:value="0 - simple"/><publish:property name="Name" publish:category="UML" publish:description="The Name of the Named Element"/><publish:property name="Name Expression" publish:category="UML" publish:description="The Name Expression of the Named Element"/><publish:property name="Namespace" publish:category="UML" publish:description="The Namespace of the Named Element" publish:value="&lt;Package&gt; Diagramas de classes"/><publish:property name="Owned Template Signature" publish:category="UML" publish:description="The Owned Template Signature of the Templateable Element"/><publish:property name="Owner" publish:category="UML" publish:description="The Owner of the Element" publish:value="&lt;Package&gt; Diagramas de classes"/><publish:property name="Owning Template Parameter" publish:category="UML" publish:description="The Owning Template Parameter of the Parameterable Element"/><publish:property name="Package" publish:category="UML" publish:description="The Package of the Type" publish:value="&lt;Package&gt; Diagramas de classes"/><publish:property name="Qualified Name" publish:category="UML" publish:description="The Qualified Name of the Named Element"/><publish:property name="Representation" publish:category="UML" publish:description="The Representation of the Classifier"/><publish:property name="Stereotype" publish:category="UML"/><publish:property name="Template Parameter" publish:category="UML" publish:description="The Template Parameter of the Parameterable Element"/><publish:property name="Visibility" publish:category="UML" publish:description="The Visibility of the Named Element" publish:value="Public"/></publish:properties></packagedElement><packagedElement name="&lt;Unnamed Association&gt;" publish:icon="_B-zScE1WEd2qWd3987H-eg_icon.jpeg" publish:qualifiedname="Hotel_Reserva_Hospedagem_Grupo_2::Diagramas de classes::&lt;Association&gt;" xmi:id="_B-zScE1WEd2qWd3987H-eg" xsi:type="uml:Association"><publish:properties><publish:property name="Alias" publish:category="UML" publish:description="Alias property of the UML element"/><publish:property name="Is Abstract" publish:category="UML" publish:description="The Is Abstract of the Classifier" publish:value="false"/><publish:property name="Is Derived" publish:category="UML" publish:description="The Is Derived of the Association" publish:value="false"/><publish:property name="Is Leaf" publish:category="UML" publish:description="The Is Leaf of the Redefinable Element" publish:value="false"/><publish:property name="Keywords" publish:category="UML" publish:description="Keywords property of the UML element"/><publish:property name="Kind" publish:category="UML" publish:description="Association kind property of Association" publish:value="0 - simple"/><publish:property name="Name" publish:category="UML" publish:description="The Name of the Named Element"/><publish:property name="Name Expression" publish:category="UML" publish:description="The Name Expression of the Named Element"/><publish:property name="Namespace" publish:category="UML" publish:description="The Namespace of the Named Element" publish:value="&lt;Package&gt; Diagramas de classes"/><publish:property name="Owned Template Signature" publish:category="UML" publish:description="The Owned Template Signature of the Templateable Element"/><publish:property name="Owner" publish:category="UML" publish:description="The Owner of the Element" publish:value="&lt;Package&gt; Diagramas de classes"/><publish:property name="Owning Template Parameter" publish:category="UML" publish:description="The Owning Template Parameter of the Parameterable Element"/><publish:property name="Package" publish:category="UML" publish:description="The Package of the Type" publish:value="&lt;Package&gt; Diagramas de classes"/><publish:property name="Qualified Name" publish:category="UML" publish:description="The Qualified Name of the Named Element"/><publish:property name="Representation" publish:category="UML" publish:description="The Representation of the Classifier"/><publish:property name="Stereotype" publish:category="UML"/><publish:property name="Template Parameter" publish:category="UML" publish:description="The Template Parameter of the Parameterable Element"/><publish:property name="Visibility" publish:category="UML" publish:description="The Visibility of the Named Element" publish:value="Public"/></publish:properties></packagedElement><packagedElement name="&lt;Unnamed Association&gt;" publish:icon="_9VQfAE1WEd2qWd3987H-eg_icon.jpeg" publish:qualifiedname="Hotel_Reserva_Hospedagem_Grupo_2::Diagramas de classes::&lt;Association&gt;" xmi:id="_9VQfAE1WEd2qWd3987H-eg" xsi:type="uml:Association"><publish:properties><publish:property name="Alias" publish:category="UML" publish:description="Alias property of the UML element"/><publish:property name="Is Abstract" publish:category="UML" publish:description="The Is Abstract of the Classifier" publish:value="false"/><publish:property name="Is Derived" publish:category="UML" publish:description="The Is Derived of the Association" publish:value="false"/><publish:property name="Is Leaf" publish:category="UML" publish:description="The Is Leaf of the Redefinable Element" publish:value="false"/><publish:property name="Keywords" publish:category="UML" publish:description="Keywords property of the UML element"/><publish:property name="Kind" publish:category="UML" publish:description="Association kind property of Association" publish:value="1 - aggregation"/><publish:property name="Name" publish:category="UML" publish:description="The Name of the Named Element"/><publish:property name="Name Expression" publish:category="UML" publish:description="The Name Expression of the Named Element"/><publish:property name="Namespace" publish:category="UML" publish:description="The Namespace of the Named Element" publish:value="&lt;Package&gt; Diagramas de classes"/><publish:property name="Owned Template Signature" publish:category="UML" publish:description="The Owned Template Signature of the Templateable Element"/><publish:property name="Owner" publish:category="UML" publish:description="The Owner of the Element" publish:value="&lt;Package&gt; Diagramas de classes"/><publish:property name="Owning Template Parameter" publish:category="UML" publish:description="The Owning Template Parameter of the Parameterable Element"/><publish:property name="Package" publish:category="UML" publish:description="The Package of the Type" publish:value="&lt;Package&gt; Diagramas de classes"/><publish:property name="Qualified Name" publish:category="UML" publish:description="The Qualified Name of the Named Element"/><publish:property name="Representation" publish:category="UML" publish:description="The Representation of the Classifier"/><publish:property name="Stereotype" publish:category="UML"/><publish:property name="Template Parameter" publish:category="UML" publish:description="The Template Parameter of the Parameterable Element"/><publish:property name="Visibility" publish:category="UML" publish:description="The Visibility of the Named Element" publish:value="Public"/></publish:properties><ownedEnd name="&lt;Unnamed Property&gt;" publish:icon="_9VaQAk1WEd2qWd3987H-eg_icon.jpeg" publish:is_association="true" publish:qualifiedname="Hotel_Reserva_Hospedagem_Grupo_2::Diagramas de classes::&lt;Association&gt;::&lt;Property&gt;" publish:type="Reserva" publish:typeid="_pBg6UEl3Ed2tFZtm_CBy6Q" xmi:id="_9VaQAk1WEd2qWd3987H-eg" xsi:type="uml:Property"><publish:properties><publish:property name="Aggregation" publish:category="UML" publish:description="The Aggregation of the Property" publish:value="None"/><publish:property name="Alias" publish:category="UML" publish:description="Alias property of the UML element"/><publish:property name="Association" publish:category="UML" publish:description="The Association of the Property" publish:value="&lt;Association&gt; A_servicoprestado2_reserva"/><publish:property name="Association End" publish:category="UML" publish:description="The Association End of the Property"/><publish:property name="Class" publish:category="UML" publish:description="The Class of the Property"/><publish:property name="Datatype" publish:category="UML" publish:description="The Datatype of the Property"/><publish:property name="Default" publish:category="UML" publish:description="The Default of the Property"/><publish:property name="Default Value" publish:category="UML" publish:description="The Default Value of the Property"/><publish:property name="Is Composite" publish:category="UML" publish:description="The Is Composite of the Property" publish:value="false"/><publish:property name="Is Derived" publish:category="UML" publish:description="The Is Derived of the Property" publish:value="false"/><publish:property name="Is Derived Union" publish:category="UML" publish:description="The Is Derived Union of the Property" publish:value="false"/><publish:property name="Is Leaf" publish:category="UML" publish:description="The Is Leaf of the Redefinable Element" publish:value="false"/><publish:property name="Is Ordered" publish:category="UML" publish:description="The Is Ordered of the Multiplicity Element" publish:value="false"/><publish:property name="Is Read Only" publish:category="UML" publish:description="The Is Read Only of the Structural Feature" publish:value="false"/><publish:property name="Is Static" publish:category="UML" publish:description="The Is Static of the Feature" publish:value="false"/><publish:property name="Is Unique" publish:category="UML" publish:description="The Is Unique of the Multiplicity Element" publish:value="true"/><publish:property name="Keywords" publish:category="UML" publish:description="Keywords property of the UML element"/><publish:property name="Lower" publish:category="UML" publish:description="The Lower of the Multiplicity Element" publish:value="1"/><publish:property name="Lower Value" publish:category="UML" publish:description="The Lower Value of the Multiplicity Element"/><publish:property name="Multiplicity" publish:category="UML" publish:description="Multiplicity property of Multiplicity Element" publish:value="1"/><publish:property name="Name" publish:category="UML" publish:description="The Name of the Named Element"/><publish:property name="Name Expression" publish:category="UML" publish:description="The Name Expression of the Named Element"/><publish:property name="Namespace" publish:category="UML" publish:description="The Namespace of the Named Element" publish:value="&lt;Association&gt; A_servicoprestado2_reserva"/><publish:property name="Opposite" publish:category="UML" publish:description="The Opposite of the Property"/><publish:property name="Owned Template Signature" publish:category="UML" publish:description="The Owned Template Signature of the Templateable Element"/><publish:property name="Owner" publish:category="UML" publish:description="The Owner of the Element" publish:value="&lt;Association&gt; A_servicoprestado2_reserva"/><publish:property name="Owning Association" publish:category="UML" publish:description="The Owning Association of the Property" publish:value="&lt;Association&gt; A_servicoprestado2_reserva"/><publish:property name="Owning Template Parameter" publish:category="UML" publish:description="The Owning Template Parameter of the Parameterable Element"/><publish:property name="Qualified Name" publish:category="UML" publish:description="The Qualified Name of the Named Element"/><publish:property name="Stereotype" publish:category="UML"/><publish:property name="Template Parameter" publish:category="UML" publish:description="The Template Parameter of the Parameterable Element"/><publish:property name="Type" publish:category="UML" publish:description="The Type of the Typed Element" publish:value="&lt;Class&gt; Reserva"/><publish:property name="Upper" publish:category="UML" publish:description="The Upper of the Multiplicity Element" publish:value="1"/><publish:property name="Upper Value" publish:category="UML" publish:description="The Upper Value of the Multiplicity Element"/><publish:property name="Visibility" publish:category="UML" publish:description="The Visibility of the Named Element" publish:value="Private"/></publish:properties></ownedEnd></packagedElement></packagedElement>