<?xml version="1.0" encoding="UTF-8"?><packagedElement xmlns:publish="http://www.ibm.com/Rational/XTools/Publish" xmlns:xmi="http://www.omg.org/XMI" xmlns:com.ibm.xtools.notation="http:///com/ibm/xtools/notation.ecore" xmlns:uml="http://www.eclipse.org/uml2/1.0.0/UML" xmlns:xsi="http://www.w3.org/2001/XMLSchema-instance" name="Use-Case Model" publish:diagramFormat="GIF" publish:icon="_36D48746025835B677F4010E_icon.jpeg" publish:modelname="Hotel_Reserva_Hospedagem_Grupo_2" publish:qualifiedname="Hotel_Reserva_Hospedagem_Grupo_2::Use Case View::Use-Case Model" publish:toplevelguid="36D487460258" xmi:id="_36D48746025835B677F4010E" xmi:version="2.0" xsi:type="uml:Package"><publish:properties><publish:property name="Alias" publish:category="UML" publish:description="Alias property of the UML element"/><publish:property name="Keywords" publish:category="UML" publish:description="Keywords property of the UML element"/><publish:property name="Name" publish:category="UML" publish:description="The Name of the Named Element" publish:value="Use-Case Model"/><publish:property name="Name Expression" publish:category="UML" publish:description="The Name Expression of the Named Element"/><publish:property name="Namespace" publish:category="UML" publish:description="The Namespace of the Named Element" publish:value="&lt;&lt;Rose Package&gt;&gt; &lt;Package&gt; Use Case View"/><publish:property name="Nesting Package" publish:category="UML" publish:description="The Nesting Package of the Package" publish:value="&lt;&lt;Rose Package&gt;&gt; &lt;Package&gt; Use Case View"/><publish:property name="Owned Template Signature" publish:category="UML" publish:description="The Owned Template Signature of the Templateable Element"/><publish:property name="Owner" publish:category="UML" publish:description="The Owner of the Element" publish:value="&lt;&lt;Rose Package&gt;&gt; &lt;Package&gt; Use Case View"/><publish:property name="Owning Template Parameter" publish:category="UML" publish:description="The Owning Template Parameter of the Parameterable Element"/><publish:property name="Qualified Name" publish:category="UML" publish:description="The Qualified Name of the Named Element" publish:value="Hotel_Reserva_Hospedagem_Grupo_2::Use Case View::Use-Case Model"/><publish:property name="Stereotype" publish:category="UML"/><publish:property name="Template Parameter" publish:category="UML" publish:description="The Template Parameter of the Parameterable Element"/><publish:property name="Visibility" publish:category="UML" publish:description="The Visibility of the Named Element" publish:value="Public"/></publish:properties><contents Type="Usecase" name="Global View of Actors and Use Cases" publish:icon="_36D48746025835B6803F0281_icon.jpeg" publish:imageType="GIF" publish:qualifiedname="Hotel_Reserva_Hospedagem_Grupo_2::Use Case View::Use-Case Model::Global View of Actors and Use Cases" xmi:id="_36D48746025835B6803F0281" xsi:type="notation:Diagram"><publish:properties><publish:property name="Measurement Unit" publish:category="View" publish:description="The Measurement Unit of the Diagram" publish:value="Himetric"/><publish:property name="Name" publish:category="View" publish:description="The Name of the Diagram" publish:value="Global View of Actors and Use Cases"/><publish:property name="Styles" publish:category="View" publish:description="The Styles of the View"/></publish:properties><ownedComment body="This is a global view of the system showing all Busines Use Cases and Business Actors.  It is intended to be an overview diagram, so if the diagram becomes too complex for easy comprehension, use several diagrams, each of which should focus on a different aspect of the system.  Usually, organizing use case diagrams around actors is a good approach."/><publish:partInfo coords="503,95,385,120,383,110,501,85,503,95" name="Extend" publish:ismodellink="false" shape="poly" xmi:id="_36D4874602584825AD170177"/><publish:partInfo coords="183,41,297,93,293,102,179,50,183,41" name="Extend" publish:ismodellink="false" shape="poly" xmi:id="_36D4874602584825AD140251"/><publish:partInfo coords="265,329,317,141,326,144,274,332,265,329" name="Association" publish:ismodellink="false" shape="poly" xmi:id="_36D4874602584825AD5D02BF"/><publish:partInfo coords="224,300,112,235,117,226,229,291,224,300" name="Association" publish:ismodellink="false" shape="poly" xmi:id="_36D4874602584825AD88004E"/><publish:partInfo coords="841,383,869,336,877,341,849,388,841,383" name="Association" publish:ismodellink="false" shape="poly" xmi:id="_36D48746025848258E9C030D"/><publish:partInfo coords="992,401,871,325,876,316,997,392,992,401" name="Association" publish:ismodellink="false" shape="poly" xmi:id="_36D487460258481367CB0213"/><publish:partInfo coords="874,339,650,399,647,389,871,329,874,339" name="Association" publish:ismodellink="false" shape="poly" xmi:id="_36D4874602584813639300AB"/><publish:partInfo coords="889,308,1045,151,1052,158,896,315,889,308" name="Association" publish:ismodellink="false" shape="poly" xmi:id="_36D487460258481365890128"/><publish:partInfo coords="872,283,844,95,854,93,882,281,872,283" name="Association" publish:ismodellink="false" shape="poly" xmi:id="_36D487460258481364FB00DA"/><publish:partInfo coords="824,599,824,436,834,436,834,599,824,599" name="Association" publish:ismodellink="false" shape="poly" xmi:id="_36D487460258481362F90232"/><publish:partInfo coords="830,592,998,428,1005,435,837,599,830,592" name="Association" publish:ismodellink="false" shape="poly" xmi:id="_36D487460258481367C7008C"/><publish:partInfo coords="632,418,820,592,813,599,625,425,632,418" name="Association" publish:ismodellink="false" shape="poly" xmi:id="_36D4874602584813662A0232"/><publish:partInfo name="Controlar Consumo Servico" publish:ismodellink="false" publish:partLowerX="647" publish:partLowerY="123" publish:partUpperX="457" publish:partUpperY="50" shape="rect" xmi:id="_36D4874602584825AB7501F4"/><publish:partInfo name="Controlar Consumo Produto" publish:ismodellink="false" publish:partLowerX="237" publish:partLowerY="82" publish:partUpperX="40" publish:partUpperY="9" shape="rect" xmi:id="_36D4874602584825AB6703C8"/><publish:partInfo name="Funcionario do Hotel" publish:ismodellink="false" publish:partLowerX="355" publish:partLowerY="387" publish:partUpperX="205" publish:partUpperY="274" shape="rect" xmi:id="_36D4874602584825AD31001F"/><publish:partInfo name="Controlar Consumo" publish:ismodellink="false" publish:partLowerX="405" publish:partLowerY="170" publish:partUpperX="263" publish:partUpperY="97" shape="rect" xmi:id="_36D4874602584825ACE702CE"/><publish:partInfo name="Camareira" publish:ismodellink="false" publish:partLowerX="457" publish:partLowerY="530" publish:partUpperX="374" publish:partUpperY="417" shape="rect" xmi:id="_36D4874602584825AD44033C"/><publish:partInfo name="Garcon" publish:ismodellink="false" publish:partLowerX="162" publish:partLowerY="530" publish:partUpperX="97" publish:partUpperY="417" shape="rect" xmi:id="_36D4874602584825ABCF0186"/><publish:partInfo name="Controlar Produtos" publish:ismodellink="false" publish:partLowerX="151" publish:partLowerY="257" publish:partUpperX="9" publish:partUpperY="184" shape="rect" xmi:id="_36D4874602584825983102BF"/><publish:partInfo name="Atendente" publish:ismodellink="false" publish:partLowerX="934" publish:partLowerY="392" publish:partUpperX="845" publish:partUpperY="279" shape="rect" xmi:id="_36D4874602584813623E02DE"/><publish:partInfo name="Efetuar Reserva" publish:ismodellink="false" publish:partLowerX="895" publish:partLowerY="461" publish:partUpperX="775" publish:partUpperY="388" shape="rect" xmi:id="_36D487460258481362D2005D"/><publish:partInfo name="Efetuar CheckOut" publish:ismodellink="false" publish:partLowerX="1097" publish:partLowerY="461" publish:partUpperX="966" publish:partUpperY="388" shape="rect" xmi:id="_36D4874602584813677A00DA"/><publish:partInfo name="Efetuar CheckIn" publish:ismodellink="false" publish:partLowerX="661" publish:partLowerY="451" publish:partUpperX="540" publish:partUpperY="378" shape="rect" xmi:id="_36D4874602584813635A004E"/><publish:partInfo name="Controlar Quartos" publish:ismodellink="false" publish:partLowerX="1145" publish:partLowerY="185" publish:partUpperX="1011" publish:partUpperY="112" shape="rect" xmi:id="_36D48746025848136564009C"/><publish:partInfo name="Controlar Hospede" publish:ismodellink="false" publish:partLowerX="920" publish:partLowerY="118" publish:partUpperX="782" publish:partUpperY="45" shape="rect" xmi:id="_36D487460258481364BD02AF"/><publish:partInfo name="Hospede" publish:ismodellink="false" publish:partLowerX="864" publish:partLowerY="679" publish:partUpperX="788" publish:partUpperY="566" shape="rect" xmi:id="_36D4874602584813626B038A"/></contents><ownedComment annotatedElement="_36D48746025835B677F4010E" body="The Use-Case Model in Rational Unified Process contains a model of the behavior of a system which supports the business processes.&#10;&#10;&lt;The description entered here should capture the Survey Description of the Use Case Model&gt;.  &#10;&#10;&#10;&#10;" isDocumentation="true" isURL="false" name="&lt;Unnamed Comment&gt;" publish:icon="_Xa67QUlwEd2tFZtm_CBy6Q_icon.jpeg" publish:qualifiedname="Hotel_Reserva_Hospedagem_Grupo_2::Use Case View::Use-Case Model::&lt;Comment&gt;" xmi:id="_Xa67QUlwEd2tFZtm_CBy6Q" xsi:type="uml:Comment"><publish:properties><publish:property name="Body" publish:category="UML" publish:description="The Body of the Comment" publish:value="The Use-Case Model in Rational Unified Process contains a model of the behavior of a system which supports the business processes...."/><publish:property name="Keywords" publish:category="UML" publish:description="Keywords property of the UML element"/><publish:property name="Owner" publish:category="UML" publish:description="The Owner of the Element" publish:value="&lt;Package&gt; Use-Case Model"/><publish:property name="Stereotype" publish:category="UML" publish:value="documentation"/></publish:properties></ownedComment><packagedElement name="&lt;Unnamed Dependency&gt;" publish:icon="_36D48746025835C633DA030C_icon.jpeg" publish:qualifiedname="Hotel_Reserva_Hospedagem_Grupo_2::Use Case View::Use-Case Model::&lt;Dependency&gt;" xmi:id="_36D48746025835C633DA030C" xsi:type="uml:Dependency"><publish:properties><publish:property name="Alias" publish:category="UML" publish:description="Alias property of the UML element"/><publish:property name="Keywords" publish:category="UML" publish:description="Keywords property of the UML element"/><publish:property name="Name" publish:category="UML" publish:description="The Name of the Named Element"/><publish:property name="Name Expression" publish:category="UML" publish:description="The Name Expression of the Named Element"/><publish:property name="Namespace" publish:category="UML" publish:description="The Namespace of the Named Element" publish:value="&lt;Package&gt; Use-Case Model"/><publish:property name="Owner" publish:category="UML" publish:description="The Owner of the Element" publish:value="&lt;Package&gt; Use-Case Model"/><publish:property name="Owning Template Parameter" publish:category="UML" publish:description="The Owning Template Parameter of the Parameterable Element"/><publish:property name="Qualified Name" publish:category="UML" publish:description="The Qualified Name of the Named Element"/><publish:property name="Stereotype" publish:category="UML"/><publish:property name="Template Parameter" publish:category="UML" publish:description="The Template Parameter of the Parameterable Element"/><publish:property name="Visibility" publish:category="UML" publish:description="The Visibility of the Named Element" publish:value="Public"/></publish:properties><ownedComment annotatedElement="_36D48746025835C633DA030C" body="The Use-Case Model describes a system which realizes some of the required functionality described in the business use-case model, therefore the Use-Case Model is dependent on the Business Use-Case Model." isDocumentation="true" isURL="false" name="&lt;Unnamed Comment&gt;" publish:icon="_XbEsQklwEd2tFZtm_CBy6Q_icon.jpeg" publish:qualifiedname="Hotel_Reserva_Hospedagem_Grupo_2::Use Case View::Use-Case Model::&lt;Dependency&gt;::&lt;Comment&gt;" xmi:id="_XbEsQklwEd2tFZtm_CBy6Q" xsi:type="uml:Comment"><publish:properties><publish:property name="Body" publish:category="UML" publish:description="The Body of the Comment" publish:value="The Use-Case Model describes a system which realizes some of the required functionality described in the business use-case model, therefore the Use-Case Model is dependent on the Business Use-Case Model."/><publish:property name="Keywords" publish:category="UML" publish:description="Keywords property of the UML element"/><publish:property name="Owner" publish:category="UML" publish:description="The Owner of the Element" publish:value="&lt;Dependency&gt; Business Use-Case Model"/><publish:property name="Stereotype" publish:category="UML" publish:value="documentation"/></publish:properties></ownedComment></packagedElement><packagedElement name="&lt;Unnamed Association&gt;" publish:icon="_36D48746025848258E9C030D_icon.jpeg" publish:qualifiedname="Hotel_Reserva_Hospedagem_Grupo_2::Use Case View::Use-Case Model::&lt;Association&gt;" xmi:id="_36D48746025848258E9C030D" xsi:type="uml:Association"><publish:properties><publish:property name="Alias" publish:category="UML" publish:description="Alias property of the UML element"/><publish:property name="Is Abstract" publish:category="UML" publish:description="The Is Abstract of the Classifier" publish:value="false"/><publish:property name="Is Derived" publish:category="UML" publish:description="The Is Derived of the Association" publish:value="false"/><publish:property name="Is Leaf" publish:category="UML" publish:description="The Is Leaf of the Redefinable Element" publish:value="false"/><publish:property name="Keywords" publish:category="UML" publish:description="Keywords property of the UML element"/><publish:property name="Kind" publish:category="UML" publish:description="Association kind property of Association" publish:value="0 - simple"/><publish:property name="Name" publish:category="UML" publish:description="The Name of the Named Element"/><publish:property name="Name Expression" publish:category="UML" publish:description="The Name Expression of the Named Element"/><publish:property name="Namespace" publish:category="UML" publish:description="The Namespace of the Named Element" publish:value="&lt;Package&gt; Use-Case Model"/><publish:property name="Owned Template Signature" publish:category="UML" publish:description="The Owned Template Signature of the Templateable Element"/><publish:property name="Owner" publish:category="UML" publish:description="The Owner of the Element" publish:value="&lt;Package&gt; Use-Case Model"/><publish:property name="Owning Template Parameter" publish:category="UML" publish:description="The Owning Template Parameter of the Parameterable Element"/><publish:property name="Package" publish:category="UML" publish:description="The Package of the Type" publish:value="&lt;Package&gt; Use-Case Model"/><publish:property name="Qualified Name" publish:category="UML" publish:description="The Qualified Name of the Named Element"/><publish:property name="Representation" publish:category="UML" publish:description="The Representation of the Classifier"/><publish:property name="Stereotype" publish:category="UML"/><publish:property name="Template Parameter" publish:category="UML" publish:description="The Template Parameter of the Parameterable Element"/><publish:property name="Visibility" publish:category="UML" publish:description="The Visibility of the Named Element" publish:value="Public"/></publish:properties><ownedEnd name="_atendente" publish:icon="_36D48746025848258EA20177_icon.jpeg" publish:is_association="true" publish:qualifiedname="Hotel_Reserva_Hospedagem_Grupo_2::Use Case View::Use-Case Model::&lt;Association&gt;::_atendente" publish:type="Atendente" publish:typeid="_36D4874602584813623E02DE" xmi:id="_36D48746025848258EA20177" xsi:type="uml:Property"><publish:properties><publish:property name="Aggregation" publish:category="UML" publish:description="The Aggregation of the Property" publish:value="None"/><publish:property name="Alias" publish:category="UML" publish:description="Alias property of the UML element"/><publish:property name="Association" publish:category="UML" publish:description="The Association of the Property" publish:value="&lt;Association&gt; A__atendente__efetuar Reserva"/><publish:property name="Association End" publish:category="UML" publish:description="The Association End of the Property"/><publish:property name="Class" publish:category="UML" publish:description="The Class of the Property"/><publish:property name="Datatype" publish:category="UML" publish:description="The Datatype of the Property"/><publish:property name="Default" publish:category="UML" publish:description="The Default of the Property"/><publish:property name="Default Value" publish:category="UML" publish:description="The Default Value of the Property"/><publish:property name="Is Composite" publish:category="UML" publish:description="The Is Composite of the Property" publish:value="false"/><publish:property name="Is Derived" publish:category="UML" publish:description="The Is Derived of the Property" publish:value="false"/><publish:property name="Is Derived Union" publish:category="UML" publish:description="The Is Derived Union of the Property" publish:value="false"/><publish:property name="Is Leaf" publish:category="UML" publish:description="The Is Leaf of the Redefinable Element" publish:value="false"/><publish:property name="Is Ordered" publish:category="UML" publish:description="The Is Ordered of the Multiplicity Element" publish:value="false"/><publish:property name="Is Read Only" publish:category="UML" publish:description="The Is Read Only of the Structural Feature" publish:value="false"/><publish:property name="Is Static" publish:category="UML" publish:description="The Is Static of the Feature" publish:value="false"/><publish:property name="Is Unique" publish:category="UML" publish:description="The Is Unique of the Multiplicity Element" publish:value="false"/><publish:property name="Keywords" publish:category="UML" publish:description="Keywords property of the UML element"/><publish:property name="Lower" publish:category="UML" publish:description="The Lower of the Multiplicity Element" publish:value="1"/><publish:property name="Lower Value" publish:category="UML" publish:description="The Lower Value of the Multiplicity Element"/><publish:property name="Multiplicity" publish:category="UML" publish:description="Multiplicity property of Multiplicity Element" publish:value="1"/><publish:property name="Name" publish:category="UML" publish:description="The Name of the Named Element" publish:value="_atendente"/><publish:property name="Name Expression" publish:category="UML" publish:description="The Name Expression of the Named Element"/><publish:property name="Namespace" publish:category="UML" publish:description="The Namespace of the Named Element" publish:value="&lt;Association&gt; A__atendente__efetuar Reserva"/><publish:property name="Opposite" publish:category="UML" publish:description="The Opposite of the Property"/><publish:property name="Owned Template Signature" publish:category="UML" publish:description="The Owned Template Signature of the Templateable Element"/><publish:property name="Owner" publish:category="UML" publish:description="The Owner of the Element" publish:value="&lt;Association&gt; A__atendente__efetuar Reserva"/><publish:property name="Owning Association" publish:category="UML" publish:description="The Owning Association of the Property" publish:value="&lt;Association&gt; A__atendente__efetuar Reserva"/><publish:property name="Owning Template Parameter" publish:category="UML" publish:description="The Owning Template Parameter of the Parameterable Element"/><publish:property name="Qualified Name" publish:category="UML" publish:description="The Qualified Name of the Named Element"/><publish:property name="Stereotype" publish:category="UML"/><publish:property name="Template Parameter" publish:category="UML" publish:description="The Template Parameter of the Parameterable Element"/><publish:property name="Type" publish:category="UML" publish:description="The Type of the Typed Element" publish:value="&lt;&lt;Actor&gt;&gt; &lt;Actor&gt; Atendente"/><publish:property name="Upper" publish:category="UML" publish:description="The Upper of the Multiplicity Element" publish:value="1"/><publish:property name="Upper Value" publish:category="UML" publish:description="The Upper Value of the Multiplicity Element"/><publish:property name="Visibility" publish:category="UML" publish:description="The Visibility of the Named Element" publish:value="Public"/></publish:properties></ownedEnd><ownedEnd name="_efetuar Reserva" publish:icon="_36D48746025848258EA20186_icon.jpeg" publish:is_association="true" publish:qualifiedname="Hotel_Reserva_Hospedagem_Grupo_2::Use Case View::Use-Case Model::&lt;Association&gt;::_efetuar Reserva" publish:type="Efetuar Reserva" publish:typeid="_36D487460258481362D2005D" xmi:id="_36D48746025848258EA20186" xsi:type="uml:Property"><publish:properties><publish:property name="Aggregation" publish:category="UML" publish:description="The Aggregation of the Property" publish:value="None"/><publish:property name="Alias" publish:category="UML" publish:description="Alias property of the UML element"/><publish:property name="Association" publish:category="UML" publish:description="The Association of the Property" publish:value="&lt;Association&gt; A__atendente__efetuar Reserva"/><publish:property name="Association End" publish:category="UML" publish:description="The Association End of the Property"/><publish:property name="Class" publish:category="UML" publish:description="The Class of the Property"/><publish:property name="Datatype" publish:category="UML" publish:description="The Datatype of the Property"/><publish:property name="Default" publish:category="UML" publish:description="The Default of the Property"/><publish:property name="Default Value" publish:category="UML" publish:description="The Default Value of the Property"/><publish:property name="Is Composite" publish:category="UML" publish:description="The Is Composite of the Property" publish:value="false"/><publish:property name="Is Derived" publish:category="UML" publish:description="The Is Derived of the Property" publish:value="false"/><publish:property name="Is Derived Union" publish:category="UML" publish:description="The Is Derived Union of the Property" publish:value="false"/><publish:property name="Is Leaf" publish:category="UML" publish:description="The Is Leaf of the Redefinable Element" publish:value="false"/><publish:property name="Is Ordered" publish:category="UML" publish:description="The Is Ordered of the Multiplicity Element" publish:value="false"/><publish:property name="Is Read Only" publish:category="UML" publish:description="The Is Read Only of the Structural Feature" publish:value="false"/><publish:property name="Is Static" publish:category="UML" publish:description="The Is Static of the Feature" publish:value="false"/><publish:property name="Is Unique" publish:category="UML" publish:description="The Is Unique of the Multiplicity Element" publish:value="false"/><publish:property name="Keywords" publish:category="UML" publish:description="Keywords property of the UML element"/><publish:property name="Lower" publish:category="UML" publish:description="The Lower of the Multiplicity Element" publish:value="1"/><publish:property name="Lower Value" publish:category="UML" publish:description="The Lower Value of the Multiplicity Element"/><publish:property name="Multiplicity" publish:category="UML" publish:description="Multiplicity property of Multiplicity Element" publish:value="1"/><publish:property name="Name" publish:category="UML" publish:description="The Name of the Named Element" publish:value="_efetuar Reserva"/><publish:property name="Name Expression" publish:category="UML" publish:description="The Name Expression of the Named Element"/><publish:property name="Namespace" publish:category="UML" publish:description="The Namespace of the Named Element" publish:value="&lt;Association&gt; A__atendente__efetuar Reserva"/><publish:property name="Opposite" publish:category="UML" publish:description="The Opposite of the Property"/><publish:property name="Owned Template Signature" publish:category="UML" publish:description="The Owned Template Signature of the Templateable Element"/><publish:property name="Owner" publish:category="UML" publish:description="The Owner of the Element" publish:value="&lt;Association&gt; A__atendente__efetuar Reserva"/><publish:property name="Owning Association" publish:category="UML" publish:description="The Owning Association of the Property" publish:value="&lt;Association&gt; A__atendente__efetuar Reserva"/><publish:property name="Owning Template Parameter" publish:category="UML" publish:description="The Owning Template Parameter of the Parameterable Element"/><publish:property name="Qualified Name" publish:category="UML" publish:description="The Qualified Name of the Named Element"/><publish:property name="Stereotype" publish:category="UML"/><publish:property name="Template Parameter" publish:category="UML" publish:description="The Template Parameter of the Parameterable Element"/><publish:property name="Type" publish:category="UML" publish:description="The Type of the Typed Element" publish:value="&lt;Use Case&gt; Efetuar Reserva"/><publish:property name="Upper" publish:category="UML" publish:description="The Upper of the Multiplicity Element" publish:value="1"/><publish:property name="Upper Value" publish:category="UML" publish:description="The Upper Value of the Multiplicity Element"/><publish:property name="Visibility" publish:category="UML" publish:description="The Visibility of the Named Element" publish:value="Public"/></publish:properties></ownedEnd></packagedElement></packagedElement>