<?xml version="1.0" encoding="UTF-8"?><packagedElement xmlns:publish="http://www.ibm.com/Rational/XTools/Publish" xmlns:xmi="http://www.omg.org/XMI" xmlns:com.ibm.xtools.notation="http:///com/ibm/xtools/notation.ecore" xmlns:uml="http://www.eclipse.org/uml2/1.0.0/UML" xmlns:xsi="http://www.w3.org/2001/XMLSchema-instance" name="Business Use-Case Model" publish:diagramFormat="GIF" publish:icon="_36D48746025835B677D701B8_icon.jpeg" publish:modelname="Hotel_Reserva_Hospedagem_Grupo_2" publish:qualifiedname="Hotel_Reserva_Hospedagem_Grupo_2::Use Case View::Business Use-Case Model" publish:toplevelguid="36D487460258" xmi:id="_36D48746025835B677D701B8" xmi:version="2.0" xsi:type="uml:Package"><publish:properties><publish:property name="Alias" publish:category="UML" publish:description="Alias property of the UML element"/><publish:property name="Keywords" publish:category="UML" publish:description="Keywords property of the UML element"/><publish:property name="Name" publish:category="UML" publish:description="The Name of the Named Element" publish:value="Business Use-Case Model"/><publish:property name="Name Expression" publish:category="UML" publish:description="The Name Expression of the Named Element"/><publish:property name="Namespace" publish:category="UML" publish:description="The Namespace of the Named Element" publish:value="&lt;&lt;Rose Package&gt;&gt; &lt;Package&gt; Use Case View"/><publish:property name="Nesting Package" publish:category="UML" publish:description="The Nesting Package of the Package" publish:value="&lt;&lt;Rose Package&gt;&gt; &lt;Package&gt; Use Case View"/><publish:property name="Owned Template Signature" publish:category="UML" publish:description="The Owned Template Signature of the Templateable Element"/><publish:property name="Owner" publish:category="UML" publish:description="The Owner of the Element" publish:value="&lt;&lt;Rose Package&gt;&gt; &lt;Package&gt; Use Case View"/><publish:property name="Owning Template Parameter" publish:category="UML" publish:description="The Owning Template Parameter of the Parameterable Element"/><publish:property name="Qualified Name" publish:category="UML" publish:description="The Qualified Name of the Named Element" publish:value="Hotel_Reserva_Hospedagem_Grupo_2::Use Case View::Business Use-Case Model"/><publish:property name="Stereotype" publish:category="UML"/><publish:property name="Template Parameter" publish:category="UML" publish:description="The Template Parameter of the Parameterable Element"/><publish:property name="Visibility" publish:category="UML" publish:description="The Visibility of the Named Element" publish:value="Public"/></publish:properties><contents Type="Usecase" name="Global View of Business Actors and Business Use Cases" publish:icon="_36D48746025835C0DFF50172_icon.jpeg" publish:imageType="GIF" publish:qualifiedname="Hotel_Reserva_Hospedagem_Grupo_2::Use Case View::Business Use-Case Model::Global View of Business Actors and Business Use Cases" xmi:id="_36D48746025835C0DFF50172" xsi:type="notation:Diagram"><publish:properties><publish:property name="Measurement Unit" publish:category="View" publish:description="The Measurement Unit of the Diagram" publish:value="Himetric"/><publish:property name="Name" publish:category="View" publish:description="The Name of the Diagram" publish:value="Global View of Business Actors and Business Use Cases"/><publish:property name="Styles" publish:category="View" publish:description="The Styles of the View"/></publish:properties><ownedComment body="This is a global view of the system showing all Busines Use Cases and Business Actors.  It is intended to be an overview diagram, so if the diagram becomes too complex for easy comprehension, use several diagrams, each of which should focus on a different aspect of the system.  Usually, organizing use case diagrams around actors is a good approach."/><publish:partInfo coords="99,66,234,172,227,180,92,74,99,66" name="Association" publish:ismodellink="false" shape="poly" xmi:id="_36D4874602584800F12202AF"/><publish:partInfo coords="122,38,215,29,216,39,123,48,122,38" name="Association" publish:ismodellink="false" shape="poly" xmi:id="_36D4874602584800F1C60242"/><publish:partInfo name="EfetuarHospedagem" publish:ismodellink="false" publish:partLowerX="331" publish:partLowerY="265" publish:partUpperX="184" publish:partUpperY="178" shape="rect" xmi:id="_36D4874602584800F11002A0"/><publish:partInfo name="baUsuario" publish:ismodellink="false" publish:partLowerX="122" publish:partLowerY="75" publish:partUpperX="9" publish:partUpperY="35" shape="rect" xmi:id="_36D4874602584800F0A9005E"/><publish:partInfo name="EfetuarReserva" publish:ismodellink="false" publish:partLowerX="336" publish:partLowerY="96" publish:partUpperX="204" publish:partUpperY="9" shape="rect" xmi:id="_36D4874602584800F0BC032C"/></contents><ownedComment annotatedElement="_36D48746025835B677D701B8" body="Optional Model:&#10;The business modeling workflow in Rational Unified Process produces two models: the business use-case model, and the business object model. Both show the business &#10;processes, but different aspects of them. In the business use-case model each business use case represents a business process, described (text and/or activity diagrams) from an &quot;external&quot; view point without worrying about who does what to whom inside of the organization. &#10;In the business object model, you include realizations of each business use case to show how workers and entities collaborate to perform the process. You do that using class diagrams, activity diagrams with swimlanes, collaboration diagrams, and/or interaction diagrams.&#10;&#10;&lt;Any additional description of the Business Use Case Model, such as modeling conventions that the reader/reviewer may need to understand the model, should be described here.&gt;&#10;" isDocumentation="true" isURL="false" name="&lt;Unnamed Comment&gt;" publish:icon="_XX8fxElwEd2tFZtm_CBy6Q_icon.jpeg" publish:qualifiedname="Hotel_Reserva_Hospedagem_Grupo_2::Use Case View::Business Use-Case Model::&lt;Comment&gt;" xmi:id="_XX8fxElwEd2tFZtm_CBy6Q" xsi:type="uml:Comment"><publish:properties><publish:property name="Body" publish:category="UML" publish:description="The Body of the Comment" publish:value="Optional Model:..."/><publish:property name="Keywords" publish:category="UML" publish:description="Keywords property of the UML element"/><publish:property name="Owner" publish:category="UML" publish:description="The Owner of the Element" publish:value="&lt;Package&gt; Business Use-Case Model"/><publish:property name="Stereotype" publish:category="UML" publish:value="documentation"/></publish:properties></ownedComment><packagedElement name="baUsuario" publish:icon="_36D4874602584800F0A9005E_icon.jpeg" publish:qualifiedname="Hotel_Reserva_Hospedagem_Grupo_2::Use Case View::Business Use-Case Model::baUsuario" xmi:id="_36D4874602584800F0A9005E" xsi:type="uml:Actor"><publish:properties><publish:property name="Alias" publish:category="UML" publish:description="Alias property of the UML element"/><publish:property name="Classifier Behavior" publish:category="UML" publish:description="The Classifier Behavior of the Behaviored Classifier"/><publish:property name="Is Abstract" publish:category="UML" publish:description="The Is Abstract of the Classifier" publish:value="false"/><publish:property name="Is Leaf" publish:category="UML" publish:description="The Is Leaf of the Redefinable Element" publish:value="false"/><publish:property name="Keywords" publish:category="UML" publish:description="Keywords property of the UML element" publish:value="Business Actor"/><publish:property name="Name" publish:category="UML" publish:description="The Name of the Named Element" publish:value="baUsuario"/><publish:property name="Name Expression" publish:category="UML" publish:description="The Name Expression of the Named Element"/><publish:property name="Namespace" publish:category="UML" publish:description="The Namespace of the Named Element" publish:value="&lt;Package&gt; Business Use-Case Model"/><publish:property name="Owned Template Signature" publish:category="UML" publish:description="The Owned Template Signature of the Templateable Element"/><publish:property name="Owner" publish:category="UML" publish:description="The Owner of the Element" publish:value="&lt;Package&gt; Business Use-Case Model"/><publish:property name="Owning Template Parameter" publish:category="UML" publish:description="The Owning Template Parameter of the Parameterable Element"/><publish:property name="Package" publish:category="UML" publish:description="The Package of the Type" publish:value="&lt;Package&gt; Business Use-Case Model"/><publish:property name="Qualified Name" publish:category="UML" publish:description="The Qualified Name of the Named Element" publish:value="Hotel_Reserva_Hospedagem_Grupo_2::Use Case View::Business Use-Case Model::baUsuario"/><publish:property name="Representation" publish:category="UML" publish:description="The Representation of the Classifier"/><publish:property name="Stereotype" publish:category="UML"/><publish:property name="Template Parameter" publish:category="UML" publish:description="The Template Parameter of the Parameterable Element"/><publish:property name="Visibility" publish:category="UML" publish:description="The Visibility of the Named Element" publish:value="Public"/></publish:properties></packagedElement></packagedElement>