<?xml version="1.0" encoding="UTF-8"?><packagedElement xmlns:publish="http://www.ibm.com/Rational/XTools/Publish" xmlns:xmi="http://www.omg.org/XMI" xmlns:com.ibm.xtools.notation="http:///com/ibm/xtools/notation.ecore" xmlns:uml="http://www.eclipse.org/uml2/1.0.0/UML" xmlns:xsi="http://www.w3.org/2001/XMLSchema-instance" name="Use Case View" publish:diagramFormat="GIF" publish:icon="_36D48746025834DBB4830142_icon.jpeg" publish:modelname="Hotel_Reserva_Hospedagem_Grupo_2" publish:qualifiedname="Hotel_Reserva_Hospedagem_Grupo_2::Use Case View" publish:toplevelguid="36D487460258" xmi:id="_36D48746025834DBB4830142" xmi:version="2.0" xsi:type="uml:Package"><publish:properties><publish:property name="Alias" publish:category="UML" publish:description="Alias property of the UML element"/><publish:property name="Global" publish:category="Rose" publish:value="True"/><publish:property name="Keywords" publish:category="UML" publish:description="Keywords property of the UML element"/><publish:property name="Name" publish:category="UML" publish:description="The Name of the Named Element" publish:value="Use Case View"/><publish:property name="Name Expression" publish:category="UML" publish:description="The Name Expression of the Named Element"/><publish:property name="Namespace" publish:category="UML" publish:description="The Namespace of the Named Element" publish:value="&lt;Model&gt; Hotel_Reserva_Hospedagem_Grupo_2"/><publish:property name="Nesting Package" publish:category="UML" publish:description="The Nesting Package of the Package" publish:value="&lt;Model&gt; Hotel_Reserva_Hospedagem_Grupo_2"/><publish:property name="Owned Template Signature" publish:category="UML" publish:description="The Owned Template Signature of the Templateable Element"/><publish:property name="Owner" publish:category="UML" publish:description="The Owner of the Element" publish:value="&lt;Model&gt; Hotel_Reserva_Hospedagem_Grupo_2"/><publish:property name="Owning Template Parameter" publish:category="UML" publish:description="The Owning Template Parameter of the Parameterable Element"/><publish:property name="Qualified Name" publish:category="UML" publish:description="The Qualified Name of the Named Element" publish:value="Hotel_Reserva_Hospedagem_Grupo_2::Use Case View"/><publish:property name="Stereotype" publish:category="UML" publish:value="Rose Package"/><publish:property name="Template Parameter" publish:category="UML" publish:description="The Template Parameter of the Parameterable Element"/><publish:property name="Visibility" publish:category="UML" publish:description="The Visibility of the Named Element" publish:value="Public"/></publish:properties><contents Type="Usecase" name="Main" publish:icon="_36D48746025835C6339B029F_icon.jpeg" publish:imageType="GIF" publish:qualifiedname="Hotel_Reserva_Hospedagem_Grupo_2::Use Case View::Main" xmi:id="_36D48746025835C6339B029F" xsi:type="notation:Diagram"><publish:properties><publish:property name="Measurement Unit" publish:category="View" publish:description="The Measurement Unit of the Diagram" publish:value="Himetric"/><publish:property name="Name" publish:category="View" publish:description="The Name of the Diagram" publish:value="Main"/><publish:property name="Styles" publish:category="View" publish:description="The Styles of the View"/></publish:properties><ownedComment body="|This diagram depicts the relationships between the packages (models) contained in the 'Use-Case View&quot;: the Use-Case Model (for the system) and the Business Use-Case Model (describing the business)."/><publish:partInfo coords="64,196,64,78,74,78,74,196,64,196" name="Dependency" publish:ismodellink="false" shape="poly" xmi:id="_36D48746025835C633DA030C"/><publish:partInfo name="Business Use-Case Model" publish:ismodellink="false" publish:partLowerX="128" publish:partLowerY="72" publish:partUpperX="19" publish:partUpperY="61" shape="rect" xmi:id="_36D48746025835B677D701B8"/><publish:partInfo name="Business Use-Case Model" publish:ismodellink="false" publish:partLowerX="137" publish:partLowerY="76" publish:partUpperX="9" publish:partUpperY="9" shape="rect" xmi:id="_36D48746025835B677D701B8"/><publish:partInfo name="Use-Case Model" publish:ismodellink="false" publish:partLowerX="133" publish:partLowerY="252" publish:partUpperX="25" publish:partUpperY="241" shape="rect" xmi:id="_36D48746025835B677F4010E"/><publish:partInfo name="Use-Case Model" publish:ismodellink="false" publish:partLowerX="143" publish:partLowerY="259" publish:partUpperX="15" publish:partUpperY="185" shape="rect" xmi:id="_36D48746025835B677F4010E"/></contents><ownedComment annotatedElement="_36D48746025834DBB4830142" body="The Use Case View organizes the Use-Case Model and the optional Business Use-Case Model.&#10;&#10;" isDocumentation="true" isURL="false" name="&lt;Unnamed Comment&gt;" publish:icon="_XX8fwElwEd2tFZtm_CBy6Q_icon.jpeg" publish:qualifiedname="Hotel_Reserva_Hospedagem_Grupo_2::Use Case View::&lt;Comment&gt;" xmi:id="_XX8fwElwEd2tFZtm_CBy6Q" xsi:type="uml:Comment"><publish:properties><publish:property name="Body" publish:category="UML" publish:description="The Body of the Comment" publish:value="The Use Case View organizes the Use-Case Model and the optional Business Use-Case Model...."/><publish:property name="Keywords" publish:category="UML" publish:description="Keywords property of the UML element"/><publish:property name="Owner" publish:category="UML" publish:description="The Owner of the Element" publish:value="&lt;&lt;Rose Package&gt;&gt; &lt;Package&gt; Use Case View"/><publish:property name="Stereotype" publish:category="UML" publish:value="documentation"/></publish:properties></ownedComment></packagedElement>