<?xml version="1.0" encoding="UTF-8"?><packagedElement xmlns:publish="http://www.ibm.com/Rational/XTools/Publish" xmlns:xmi="http://www.omg.org/XMI" xmlns:com.ibm.xtools.notation="http:///com/ibm/xtools/notation.ecore" xmlns:uml="http://www.eclipse.org/uml2/1.0.0/UML" xmlns:xsi="http://www.w3.org/2001/XMLSchema-instance" name="Use Cases" publish:diagramFormat="GIF" publish:icon="_36D48746025834E37E430280_icon.jpeg" publish:modelname="Hotel_Reserva_Hospedagem_Grupo_2" publish:qualifiedname="Hotel_Reserva_Hospedagem_Grupo_2::Use Case View::Use-Case Model::Use Cases" publish:toplevelguid="36D487460258" xmi:id="_36D48746025834E37E430280" xmi:version="2.0" xsi:type="uml:Package"><publish:properties><publish:property name="Alias" publish:category="UML" publish:description="Alias property of the UML element"/><publish:property name="Keywords" publish:category="UML" publish:description="Keywords property of the UML element"/><publish:property name="Name" publish:category="UML" publish:description="The Name of the Named Element" publish:value="Use Cases"/><publish:property name="Name Expression" publish:category="UML" publish:description="The Name Expression of the Named Element"/><publish:property name="Namespace" publish:category="UML" publish:description="The Namespace of the Named Element" publish:value="&lt;Package&gt; Use-Case Model"/><publish:property name="Nesting Package" publish:category="UML" publish:description="The Nesting Package of the Package" publish:value="&lt;Package&gt; Use-Case Model"/><publish:property name="Owned Template Signature" publish:category="UML" publish:description="The Owned Template Signature of the Templateable Element"/><publish:property name="Owner" publish:category="UML" publish:description="The Owner of the Element" publish:value="&lt;Package&gt; Use-Case Model"/><publish:property name="Owning Template Parameter" publish:category="UML" publish:description="The Owning Template Parameter of the Parameterable Element"/><publish:property name="Qualified Name" publish:category="UML" publish:description="The Qualified Name of the Named Element" publish:value="Hotel_Reserva_Hospedagem_Grupo_2::Use Case View::Use-Case Model::Use Cases"/><publish:property name="Stereotype" publish:category="UML"/><publish:property name="Template Parameter" publish:category="UML" publish:description="The Template Parameter of the Parameterable Element"/><publish:property name="Visibility" publish:category="UML" publish:description="The Visibility of the Named Element" publish:value="Public"/></publish:properties><ownedComment annotatedElement="_36D48746025834E37E430280" body="All Use Cases in the system are contained in this package.   This is done strictly as a way to organize the model and make it easier to understand.&#10;&#10;See Rational UnifiedProcess:&#10;Activity &quot; Describe the Use Case Model&quot;.&#10;&#10;In order to version control use cases it is recommended to specify use case packages within this package.&#10;&#10;Use Cases are often documented in a separate text file, use the  Rational Unified Process template or use the use case template  in Rational Requsite Pro.&#10;&#10;The &quot;Use Case Realizations&quot; that correspond to these use cases  are created in the Design Model..&#10;" isDocumentation="true" isURL="false" name="&lt;Unnamed Comment&gt;" publish:icon="_XbhYNUlwEd2tFZtm_CBy6Q_icon.jpeg" publish:qualifiedname="Hotel_Reserva_Hospedagem_Grupo_2::Use Case View::Use-Case Model::Use Cases::&lt;Comment&gt;" xmi:id="_XbhYNUlwEd2tFZtm_CBy6Q" xsi:type="uml:Comment"><publish:properties><publish:property name="Body" publish:category="UML" publish:description="The Body of the Comment" publish:value="All Use Cases in the system are contained in this package.   This is done strictly as a way to organize the model and make it easier to understand...."/><publish:property name="Keywords" publish:category="UML" publish:description="Keywords property of the UML element"/><publish:property name="Owner" publish:category="UML" publish:description="The Owner of the Element" publish:value="&lt;Package&gt; Use Cases"/><publish:property name="Stereotype" publish:category="UML" publish:value="documentation"/></publish:properties></ownedComment></packagedElement>