<?xml version="1.0" encoding="UTF-8"?><packagedElement xmlns:publish="http://www.ibm.com/Rational/XTools/Publish" xmlns:xmi="http://www.omg.org/XMI" xmlns:com.ibm.xtools.notation="http:///com/ibm/xtools/notation.ecore" xmlns:uml="http://www.eclipse.org/uml2/1.0.0/UML" xmlns:xsi="http://www.w3.org/2001/XMLSchema-instance" name="Controlar Consumo" publish:diagramFormat="GIF" publish:icon="_36D4874602584825976B01E4_icon.jpeg" publish:modelname="Hotel_Reserva_Hospedagem_Grupo_2" publish:qualifiedname="Hotel_Reserva_Hospedagem_Grupo_2::Use Case View::Use-Case Model::Use Cases::Controlar Consumo" publish:toplevelguid="36D487460258" xmi:id="_36D4874602584825976B01E4" xmi:version="2.0" xsi:type="uml:Package"><publish:properties><publish:property name="Alias" publish:category="UML" publish:description="Alias property of the UML element"/><publish:property name="Keywords" publish:category="UML" publish:description="Keywords property of the UML element"/><publish:property name="Name" publish:category="UML" publish:description="The Name of the Named Element" publish:value="Controlar Consumo"/><publish:property name="Name Expression" publish:category="UML" publish:description="The Name Expression of the Named Element"/><publish:property name="Namespace" publish:category="UML" publish:description="The Namespace of the Named Element" publish:value="&lt;Package&gt; Use Cases"/><publish:property name="Nesting Package" publish:category="UML" publish:description="The Nesting Package of the Package" publish:value="&lt;Package&gt; Use Cases"/><publish:property name="Owned Template Signature" publish:category="UML" publish:description="The Owned Template Signature of the Templateable Element"/><publish:property name="Owner" publish:category="UML" publish:description="The Owner of the Element" publish:value="&lt;Package&gt; Use Cases"/><publish:property name="Owning Template Parameter" publish:category="UML" publish:description="The Owning Template Parameter of the Parameterable Element"/><publish:property name="Qualified Name" publish:category="UML" publish:description="The Qualified Name of the Named Element" publish:value="Hotel_Reserva_Hospedagem_Grupo_2::Use Case View::Use-Case Model::Use Cases::Controlar Consumo"/><publish:property name="Stereotype" publish:category="UML"/><publish:property name="Template Parameter" publish:category="UML" publish:description="The Template Parameter of the Parameterable Element"/><publish:property name="Visibility" publish:category="UML" publish:description="The Visibility of the Named Element" publish:value="Public"/></publish:properties><packagedElement name="Controlar Consumo" publish:icon="_36D4874602584825ACE702CE_icon.jpeg" publish:qualifiedname="Hotel_Reserva_Hospedagem_Grupo_2::Use Case View::Use-Case Model::Use Cases::Controlar Consumo::Controlar Consumo" xmi:id="_36D4874602584825ACE702CE" xsi:type="uml:UseCase"><publish:properties><publish:property name="Alias" publish:category="UML" publish:description="Alias property of the UML element"/><publish:property name="Classifier Behavior" publish:category="UML" publish:description="The Classifier Behavior of the Behaviored Classifier"/><publish:property name="Is Abstract" publish:category="UML" publish:description="The Is Abstract of the Classifier" publish:value="false"/><publish:property name="Is Leaf" publish:category="UML" publish:description="The Is Leaf of the Redefinable Element" publish:value="false"/><publish:property name="Keywords" publish:category="UML" publish:description="Keywords property of the UML element"/><publish:property name="Name" publish:category="UML" publish:description="The Name of the Named Element" publish:value="Controlar Consumo"/><publish:property name="Name Expression" publish:category="UML" publish:description="The Name Expression of the Named Element"/><publish:property name="Namespace" publish:category="UML" publish:description="The Namespace of the Named Element" publish:value="&lt;Package&gt; Controlar Consumo"/><publish:property name="Owned Template Signature" publish:category="UML" publish:description="The Owned Template Signature of the Templateable Element"/><publish:property name="Owner" publish:category="UML" publish:description="The Owner of the Element" publish:value="&lt;Package&gt; Controlar Consumo"/><publish:property name="Owning Template Parameter" publish:category="UML" publish:description="The Owning Template Parameter of the Parameterable Element"/><publish:property name="Package" publish:category="UML" publish:description="The Package of the Type" publish:value="&lt;Package&gt; Controlar Consumo"/><publish:property name="Qualified Name" publish:category="UML" publish:description="The Qualified Name of the Named Element" publish:value="Hotel_Reserva_Hospedagem_Grupo_2::Use Case View::Use-Case Model::Use Cases::Controlar Consumo::Controlar Consumo"/><publish:property name="Representation" publish:category="UML" publish:description="The Representation of the Classifier"/><publish:property name="Stereotype" publish:category="UML"/><publish:property name="Template Parameter" publish:category="UML" publish:description="The Template Parameter of the Parameterable Element"/><publish:property name="Visibility" publish:category="UML" publish:description="The Visibility of the Named Element" publish:value="Public"/></publish:properties><contents Type="Usecase" name="Local View Controlar Consumo" publish:icon="_36D4874602584825ACF80261_icon.jpeg" publish:imageType="GIF" publish:qualifiedname="Hotel_Reserva_Hospedagem_Grupo_2::Use Case View::Use-Case Model::Use Cases::Controlar Consumo::Controlar Consumo::Local View Controlar Consumo" xmi:id="_36D4874602584825ACF80261" xsi:type="notation:Diagram"><publish:properties><publish:property name="Measurement Unit" publish:category="View" publish:description="The Measurement Unit of the Diagram" publish:value="Himetric"/><publish:property name="Name" publish:category="View" publish:description="The Name of the Diagram" publish:value="Local View Controlar Consumo"/><publish:property name="Styles" publish:category="View" publish:description="The Styles of the View"/></publish:properties><publish:partInfo coords="77,57,217,124,213,133,73,66,77,57" name="Association" publish:ismodellink="false" shape="poly" xmi:id="_36D4874602584825AD5D02BF"/><publish:partInfo coords="449,215,296,174,299,164,452,205,449,215" name="Extend" publish:ismodellink="false" shape="poly" xmi:id="_36D4874602584825AD170177"/><publish:partInfo coords="456,60,295,141,291,132,452,51,456,60" name="Extend" publish:ismodellink="false" shape="poly" xmi:id="_36D4874602584825AD140251"/><publish:partInfo name="Controlar Consumo" publish:ismodellink="false" publish:partLowerX="324" publish:partLowerY="200" publish:partUpperX="182" publish:partUpperY="127" shape="rect" xmi:id="_36D4874602584825ACE702CE"/><publish:partInfo name="Funcionario do Hotel" publish:ismodellink="false" publish:partLowerX="159" publish:partLowerY="140" publish:partUpperX="9" publish:partUpperY="27" shape="rect" xmi:id="_36D4874602584825AD31001F"/><publish:partInfo name="Camareira" publish:ismodellink="false" publish:partLowerX="278" publish:partLowerY="394" publish:partUpperX="195" publish:partUpperY="281" shape="rect" xmi:id="_36D4874602584825AD44033C"/><publish:partInfo name="Atendente" publish:ismodellink="false" publish:partLowerX="182" publish:partLowerY="409" publish:partUpperX="93" publish:partUpperY="296" shape="rect" xmi:id="_36D4874602584813623E02DE"/><publish:partInfo name="Garcon" publish:ismodellink="false" publish:partLowerX="76" publish:partLowerY="384" publish:partUpperX="11" publish:partUpperY="271" shape="rect" xmi:id="_36D4874602584825ABCF0186"/><publish:partInfo name="Controlar Consumo Servico" publish:ismodellink="false" publish:partLowerX="596" publish:partLowerY="267" publish:partUpperX="406" publish:partUpperY="194" shape="rect" xmi:id="_36D4874602584825AB7501F4"/><publish:partInfo name="Controlar Consumo Produto" publish:ismodellink="false" publish:partLowerX="591" publish:partLowerY="82" publish:partUpperX="394" publish:partUpperY="9" shape="rect" xmi:id="_36D4874602584825AB6703C8"/></contents><extensionPoint name="&lt;Unnamed ExtensionPoint&gt;" publish:icon="_XdAl-UlwEd2tFZtm_CBy6Q_icon.jpeg" publish:qualifiedname="Hotel_Reserva_Hospedagem_Grupo_2::Use Case View::Use-Case Model::Use Cases::Controlar Consumo::Controlar Consumo::&lt;ExtensionPoint&gt;" xmi:id="_XdAl-UlwEd2tFZtm_CBy6Q" xsi:type="uml:ExtensionPoint"><publish:properties><publish:property name="Alias" publish:category="UML" publish:description="Alias property of the UML element"/><publish:property name="Is Leaf" publish:category="UML" publish:description="The Is Leaf of the Redefinable Element" publish:value="false"/><publish:property name="Keywords" publish:category="UML" publish:description="Keywords property of the UML element"/><publish:property name="Name" publish:category="UML" publish:description="The Name of the Named Element"/><publish:property name="Name Expression" publish:category="UML" publish:description="The Name Expression of the Named Element"/><publish:property name="Namespace" publish:category="UML" publish:description="The Namespace of the Named Element" publish:value="&lt;Use Case&gt; Controlar Consumo"/><publish:property name="Owner" publish:category="UML" publish:description="The Owner of the Element" publish:value="&lt;Use Case&gt; Controlar Consumo"/><publish:property name="Qualified Name" publish:category="UML" publish:description="The Qualified Name of the Named Element"/><publish:property name="Stereotype" publish:category="UML"/><publish:property name="Use Case" publish:category="UML" publish:description="The Use Case of the Extension Point" publish:value="&lt;Use Case&gt; Controlar Consumo"/><publish:property name="Visibility" publish:category="UML" publish:description="The Visibility of the Named Element" publish:value="Public"/></publish:properties><ownedComment annotatedElement="_XdAl-UlwEd2tFZtm_CBy6Q" body="IRJF0079I This element added during Rose import to maintain UML2 structural intgerity." isDocumentation="true" isURL="false" name="&lt;Unnamed Comment&gt;" publish:icon="_XdAl-klwEd2tFZtm_CBy6Q_icon.jpeg" publish:qualifiedname="Hotel_Reserva_Hospedagem_Grupo_2::Use Case View::Use-Case Model::Use Cases::Controlar Consumo::Controlar Consumo::&lt;ExtensionPoint&gt;::&lt;Comment&gt;" xmi:id="_XdAl-klwEd2tFZtm_CBy6Q" xsi:type="uml:Comment"><publish:properties><publish:property name="Body" publish:category="UML" publish:description="The Body of the Comment" publish:value="IRJF0079I This element added during Rose import to maintain UML2 structural intgerity."/><publish:property name="Keywords" publish:category="UML" publish:description="Keywords property of the UML element"/><publish:property name="Owner" publish:category="UML" publish:description="The Owner of the Element" publish:value="&lt;Extension Point&gt;"/><publish:property name="Stereotype" publish:category="UML" publish:value="documentation"/></publish:properties></ownedComment></extensionPoint><extensionPoint name="&lt;Unnamed ExtensionPoint&gt;" publish:icon="_XdJv40lwEd2tFZtm_CBy6Q_icon.jpeg" publish:qualifiedname="Hotel_Reserva_Hospedagem_Grupo_2::Use Case View::Use-Case Model::Use Cases::Controlar Consumo::Controlar Consumo::&lt;ExtensionPoint&gt;" xmi:id="_XdJv40lwEd2tFZtm_CBy6Q" xsi:type="uml:ExtensionPoint"><publish:properties><publish:property name="Alias" publish:category="UML" publish:description="Alias property of the UML element"/><publish:property name="Is Leaf" publish:category="UML" publish:description="The Is Leaf of the Redefinable Element" publish:value="false"/><publish:property name="Keywords" publish:category="UML" publish:description="Keywords property of the UML element"/><publish:property name="Name" publish:category="UML" publish:description="The Name of the Named Element"/><publish:property name="Name Expression" publish:category="UML" publish:description="The Name Expression of the Named Element"/><publish:property name="Namespace" publish:category="UML" publish:description="The Namespace of the Named Element" publish:value="&lt;Use Case&gt; Controlar Consumo"/><publish:property name="Owner" publish:category="UML" publish:description="The Owner of the Element" publish:value="&lt;Use Case&gt; Controlar Consumo"/><publish:property name="Qualified Name" publish:category="UML" publish:description="The Qualified Name of the Named Element"/><publish:property name="Stereotype" publish:category="UML"/><publish:property name="Use Case" publish:category="UML" publish:description="The Use Case of the Extension Point" publish:value="&lt;Use Case&gt; Controlar Consumo"/><publish:property name="Visibility" publish:category="UML" publish:description="The Visibility of the Named Element" publish:value="Public"/></publish:properties><ownedComment annotatedElement="_XdJv40lwEd2tFZtm_CBy6Q" body="IRJF0079I This element added during Rose import to maintain UML2 structural intgerity." isDocumentation="true" isURL="false" name="&lt;Unnamed Comment&gt;" publish:icon="_XdJv5ElwEd2tFZtm_CBy6Q_icon.jpeg" publish:qualifiedname="Hotel_Reserva_Hospedagem_Grupo_2::Use Case View::Use-Case Model::Use Cases::Controlar Consumo::Controlar Consumo::&lt;ExtensionPoint&gt;::&lt;Comment&gt;" xmi:id="_XdJv5ElwEd2tFZtm_CBy6Q" xsi:type="uml:Comment"><publish:properties><publish:property name="Body" publish:category="UML" publish:description="The Body of the Comment" publish:value="IRJF0079I This element added during Rose import to maintain UML2 structural intgerity."/><publish:property name="Keywords" publish:category="UML" publish:description="Keywords property of the UML element"/><publish:property name="Owner" publish:category="UML" publish:description="The Owner of the Element" publish:value="&lt;Extension Point&gt;"/><publish:property name="Stereotype" publish:category="UML" publish:value="documentation"/></publish:properties></ownedComment></extensionPoint></packagedElement><packagedElement name="&lt;Unnamed Association&gt;" publish:icon="_36D4874602584825AD5D02BF_icon.jpeg" publish:qualifiedname="Hotel_Reserva_Hospedagem_Grupo_2::Use Case View::Use-Case Model::Use Cases::Controlar Consumo::&lt;Association&gt;" xmi:id="_36D4874602584825AD5D02BF" xsi:type="uml:Association"><publish:properties><publish:property name="Alias" publish:category="UML" publish:description="Alias property of the UML element"/><publish:property name="Is Abstract" publish:category="UML" publish:description="The Is Abstract of the Classifier" publish:value="false"/><publish:property name="Is Derived" publish:category="UML" publish:description="The Is Derived of the Association" publish:value="false"/><publish:property name="Is Leaf" publish:category="UML" publish:description="The Is Leaf of the Redefinable Element" publish:value="false"/><publish:property name="Keywords" publish:category="UML" publish:description="Keywords property of the UML element"/><publish:property name="Kind" publish:category="UML" publish:description="Association kind property of Association" publish:value="0 - simple"/><publish:property name="Name" publish:category="UML" publish:description="The Name of the Named Element"/><publish:property name="Name Expression" publish:category="UML" publish:description="The Name Expression of the Named Element"/><publish:property name="Namespace" publish:category="UML" publish:description="The Namespace of the Named Element" publish:value="&lt;Package&gt; Controlar Consumo"/><publish:property name="Owned Template Signature" publish:category="UML" publish:description="The Owned Template Signature of the Templateable Element"/><publish:property name="Owner" publish:category="UML" publish:description="The Owner of the Element" publish:value="&lt;Package&gt; Controlar Consumo"/><publish:property name="Owning Template Parameter" publish:category="UML" publish:description="The Owning Template Parameter of the Parameterable Element"/><publish:property name="Package" publish:category="UML" publish:description="The Package of the Type" publish:value="&lt;Package&gt; Controlar Consumo"/><publish:property name="Qualified Name" publish:category="UML" publish:description="The Qualified Name of the Named Element"/><publish:property name="Representation" publish:category="UML" publish:description="The Representation of the Classifier"/><publish:property name="Stereotype" publish:category="UML"/><publish:property name="Template Parameter" publish:category="UML" publish:description="The Template Parameter of the Parameterable Element"/><publish:property name="Visibility" publish:category="UML" publish:description="The Visibility of the Named Element" publish:value="Public"/></publish:properties><ownedEnd name="_controlar Consumo" publish:icon="_36D4874602584825AD5E0109_icon.jpeg" publish:is_association="true" publish:qualifiedname="Hotel_Reserva_Hospedagem_Grupo_2::Use Case View::Use-Case Model::Use Cases::Controlar Consumo::&lt;Association&gt;::_controlar Consumo" publish:type="Controlar Consumo" publish:typeid="_36D4874602584825ACE702CE" xmi:id="_36D4874602584825AD5E0109" xsi:type="uml:Property"><publish:properties><publish:property name="Aggregation" publish:category="UML" publish:description="The Aggregation of the Property" publish:value="None"/><publish:property name="Alias" publish:category="UML" publish:description="Alias property of the UML element"/><publish:property name="Association" publish:category="UML" publish:description="The Association of the Property" publish:value="&lt;Association&gt; A__controlar Consumo__funcionario do Hotel"/><publish:property name="Association End" publish:category="UML" publish:description="The Association End of the Property"/><publish:property name="Class" publish:category="UML" publish:description="The Class of the Property"/><publish:property name="Datatype" publish:category="UML" publish:description="The Datatype of the Property"/><publish:property name="Default" publish:category="UML" publish:description="The Default of the Property"/><publish:property name="Default Value" publish:category="UML" publish:description="The Default Value of the Property"/><publish:property name="Is Composite" publish:category="UML" publish:description="The Is Composite of the Property" publish:value="false"/><publish:property name="Is Derived" publish:category="UML" publish:description="The Is Derived of the Property" publish:value="false"/><publish:property name="Is Derived Union" publish:category="UML" publish:description="The Is Derived Union of the Property" publish:value="false"/><publish:property name="Is Leaf" publish:category="UML" publish:description="The Is Leaf of the Redefinable Element" publish:value="false"/><publish:property name="Is Ordered" publish:category="UML" publish:description="The Is Ordered of the Multiplicity Element" publish:value="false"/><publish:property name="Is Read Only" publish:category="UML" publish:description="The Is Read Only of the Structural Feature" publish:value="false"/><publish:property name="Is Static" publish:category="UML" publish:description="The Is Static of the Feature" publish:value="false"/><publish:property name="Is Unique" publish:category="UML" publish:description="The Is Unique of the Multiplicity Element" publish:value="false"/><publish:property name="Keywords" publish:category="UML" publish:description="Keywords property of the UML element"/><publish:property name="Lower" publish:category="UML" publish:description="The Lower of the Multiplicity Element" publish:value="1"/><publish:property name="Lower Value" publish:category="UML" publish:description="The Lower Value of the Multiplicity Element"/><publish:property name="Multiplicity" publish:category="UML" publish:description="Multiplicity property of Multiplicity Element" publish:value="1"/><publish:property name="Name" publish:category="UML" publish:description="The Name of the Named Element" publish:value="_controlar Consumo"/><publish:property name="Name Expression" publish:category="UML" publish:description="The Name Expression of the Named Element"/><publish:property name="Namespace" publish:category="UML" publish:description="The Namespace of the Named Element" publish:value="&lt;Association&gt; A__controlar Consumo__funcionario do Hotel"/><publish:property name="Opposite" publish:category="UML" publish:description="The Opposite of the Property"/><publish:property name="Owned Template Signature" publish:category="UML" publish:description="The Owned Template Signature of the Templateable Element"/><publish:property name="Owner" publish:category="UML" publish:description="The Owner of the Element" publish:value="&lt;Association&gt; A__controlar Consumo__funcionario do Hotel"/><publish:property name="Owning Association" publish:category="UML" publish:description="The Owning Association of the Property" publish:value="&lt;Association&gt; A__controlar Consumo__funcionario do Hotel"/><publish:property name="Owning Template Parameter" publish:category="UML" publish:description="The Owning Template Parameter of the Parameterable Element"/><publish:property name="Qualified Name" publish:category="UML" publish:description="The Qualified Name of the Named Element"/><publish:property name="Stereotype" publish:category="UML"/><publish:property name="Template Parameter" publish:category="UML" publish:description="The Template Parameter of the Parameterable Element"/><publish:property name="Type" publish:category="UML" publish:description="The Type of the Typed Element" publish:value="&lt;Use Case&gt; Controlar Consumo"/><publish:property name="Upper" publish:category="UML" publish:description="The Upper of the Multiplicity Element" publish:value="1"/><publish:property name="Upper Value" publish:category="UML" publish:description="The Upper Value of the Multiplicity Element"/><publish:property name="Visibility" publish:category="UML" publish:description="The Visibility of the Named Element" publish:value="Public"/></publish:properties></ownedEnd><ownedEnd name="_funcionario do Hotel" publish:icon="_36D4874602584825AD5E010B_icon.jpeg" publish:is_association="true" publish:qualifiedname="Hotel_Reserva_Hospedagem_Grupo_2::Use Case View::Use-Case Model::Use Cases::Controlar Consumo::&lt;Association&gt;::_funcionario do Hotel" publish:type="Funcionario do Hotel" publish:typeid="_36D4874602584825AD31001F" xmi:id="_36D4874602584825AD5E010B" xsi:type="uml:Property"><publish:properties><publish:property name="Aggregation" publish:category="UML" publish:description="The Aggregation of the Property" publish:value="None"/><publish:property name="Alias" publish:category="UML" publish:description="Alias property of the UML element"/><publish:property name="Association" publish:category="UML" publish:description="The Association of the Property" publish:value="&lt;Association&gt; A__controlar Consumo__funcionario do Hotel"/><publish:property name="Association End" publish:category="UML" publish:description="The Association End of the Property"/><publish:property name="Class" publish:category="UML" publish:description="The Class of the Property"/><publish:property name="Datatype" publish:category="UML" publish:description="The Datatype of the Property"/><publish:property name="Default" publish:category="UML" publish:description="The Default of the Property"/><publish:property name="Default Value" publish:category="UML" publish:description="The Default Value of the Property"/><publish:property name="Is Composite" publish:category="UML" publish:description="The Is Composite of the Property" publish:value="false"/><publish:property name="Is Derived" publish:category="UML" publish:description="The Is Derived of the Property" publish:value="false"/><publish:property name="Is Derived Union" publish:category="UML" publish:description="The Is Derived Union of the Property" publish:value="false"/><publish:property name="Is Leaf" publish:category="UML" publish:description="The Is Leaf of the Redefinable Element" publish:value="false"/><publish:property name="Is Ordered" publish:category="UML" publish:description="The Is Ordered of the Multiplicity Element" publish:value="false"/><publish:property name="Is Read Only" publish:category="UML" publish:description="The Is Read Only of the Structural Feature" publish:value="false"/><publish:property name="Is Static" publish:category="UML" publish:description="The Is Static of the Feature" publish:value="false"/><publish:property name="Is Unique" publish:category="UML" publish:description="The Is Unique of the Multiplicity Element" publish:value="false"/><publish:property name="Keywords" publish:category="UML" publish:description="Keywords property of the UML element"/><publish:property name="Lower" publish:category="UML" publish:description="The Lower of the Multiplicity Element" publish:value="1"/><publish:property name="Lower Value" publish:category="UML" publish:description="The Lower Value of the Multiplicity Element"/><publish:property name="Multiplicity" publish:category="UML" publish:description="Multiplicity property of Multiplicity Element" publish:value="1"/><publish:property name="Name" publish:category="UML" publish:description="The Name of the Named Element" publish:value="_funcionario do Hotel"/><publish:property name="Name Expression" publish:category="UML" publish:description="The Name Expression of the Named Element"/><publish:property name="Namespace" publish:category="UML" publish:description="The Namespace of the Named Element" publish:value="&lt;Association&gt; A__controlar Consumo__funcionario do Hotel"/><publish:property name="Opposite" publish:category="UML" publish:description="The Opposite of the Property"/><publish:property name="Owned Template Signature" publish:category="UML" publish:description="The Owned Template Signature of the Templateable Element"/><publish:property name="Owner" publish:category="UML" publish:description="The Owner of the Element" publish:value="&lt;Association&gt; A__controlar Consumo__funcionario do Hotel"/><publish:property name="Owning Association" publish:category="UML" publish:description="The Owning Association of the Property" publish:value="&lt;Association&gt; A__controlar Consumo__funcionario do Hotel"/><publish:property name="Owning Template Parameter" publish:category="UML" publish:description="The Owning Template Parameter of the Parameterable Element"/><publish:property name="Qualified Name" publish:category="UML" publish:description="The Qualified Name of the Named Element"/><publish:property name="Stereotype" publish:category="UML"/><publish:property name="Template Parameter" publish:category="UML" publish:description="The Template Parameter of the Parameterable Element"/><publish:property name="Type" publish:category="UML" publish:description="The Type of the Typed Element" publish:value="&lt;&lt;Actor&gt;&gt; &lt;Actor&gt; Funcionario do Hotel"/><publish:property name="Upper" publish:category="UML" publish:description="The Upper of the Multiplicity Element" publish:value="1"/><publish:property name="Upper Value" publish:category="UML" publish:description="The Upper Value of the Multiplicity Element"/><publish:property name="Visibility" publish:category="UML" publish:description="The Visibility of the Named Element" publish:value="Public"/></publish:properties></ownedEnd></packagedElement></packagedElement>